[01:34:38][dlc.cpp:339]: Invalid supported_version in  file: mod/USSpaceNavy.mod line: 8
[01:34:39][assetfactory_audio.cpp:686]: Sound 'advisor_notification_invasion_success_03' already scripted, second occurance at ' file: sound/btr_batarian_hegemony.asset line: 1051'
[01:34:39][assetfactory_audio.cpp:686]: Sound 'advisor_notification_invasion_success_03' already scripted, second occurance at ' file: sound/btr_geth_consensus.asset line: 1051'
[01:34:39][assetfactory_audio.cpp:686]: Sound 'advisor_notification_invasion_success_03' already scripted, second occurance at ' file: sound/btr_nazara.asset line: 1051'
[01:34:39][assetfactory_audio.cpp:686]: Sound 'advisor_notification_invasion_enemy_won_03' already scripted, second occurance at ' file: sound/humanoid_soundgroups.asset line: 898'
[01:34:39][assetfactory_audio.cpp:686]: Sound 'advisor_notification_invasion_success_03' already scripted, second occurance at ' file: sound/humanoid_soundgroups.asset line: 913'
[01:34:39][pdx_audio_util.cpp:169]: Could not find sound file 'sound/vo/ethics/egalitarian/advisor_notification_tile_blocker_clear_01.wav' in  file: sound/soundgroups.asset line: 966
[01:34:39][pdx_audio.cpp:1486]: Music with name 'btr_shepardsrequiem' already added
[01:34:39][pdx_audio_sdl.cpp:1226]: Sound file 'sound/vo/ethics/egalitarian/advisor_notification_tile_blocker_clear_01.wav' for sound 'advisor_notification_tile_blocker_clear_01' does not exist (soundgroup: 'l_egalitarian')
[01:34:39][pdx_audio.cpp:454]: Missing sound: ark_ship_idle_01
[01:34:39][pdx_audio.cpp:1200]: Missing sound effect: btr_renegade_alliance_advisor_notification_special_project_complete
[01:34:39][assetfactory_audio.cpp:925]: Unable to find sound effect 'btr_renegade_alliance_advisor_notification_special_project_complete' when assigning category 'Voice'
[01:34:39][pdx_audio.cpp:1200]: Missing sound effect: event_primitive_civilization
[01:34:39][assetfactory_audio.cpp:925]: Unable to find sound effect 'event_primitive_civilization' when assigning category 'Effects'
[01:34:39][assetfactory_audio.cpp:949]: SoundEffect 'tut_msg_unpause_galaxy_map' does not have a category assigned
[01:34:39][assetfactory_audio.cpp:949]: SoundEffect 'par_notification_leader_death' does not have a category assigned
[01:34:39][assetfactory_audio.cpp:949]: SoundEffect 'tut_evil_vir_asistance_shut_down' does not have a category assigned
[01:34:39][assetfactory_audio.cpp:949]: SoundEffect 'tut_msg_SHROUD_SHAPING' does not have a category assigned
[01:34:39][assetfactory_audio.cpp:949]: SoundEffect 'tut_msg_PLANETVIEW_COLONY_GOV' does not have a category assigned
[01:34:39][assetfactory_audio.cpp:949]: SoundEffect 'tut_msg_SHROUD_COVENANT' does not have a category assigned
[01:34:39][assetfactory_audio.cpp:949]: SoundEffect 'advisor_notification_incoming_transmission_01' does not have a category assigned
[01:34:39][assetfactory_audio.cpp:949]: SoundEffect 'tut_msg_SHROUD_AURA_INTENSIFICATION' does not have a category assigned
[01:34:39][assetfactory_audio.cpp:949]: SoundEffect 'tut_evil_vir_greeting' does not have a category assigned
[01:34:39][assetfactory_audio.cpp:949]: SoundEffect 'tut_msg_astral_thread_discovered' does not have a category assigned
[01:34:39][assetfactory_audio.cpp:949]: SoundEffect 'tut_msg_SHROUD_PATRON' does not have a category assigned
[01:34:39][assetfactory_audio.cpp:949]: SoundEffect 'tut_msg_detection_arrays' does not have a category assigned
[01:34:39][assetfactory_audio.cpp:949]: SoundEffect 'tut_msg_ASTRAL_ACTIONS_VIEW' does not have a category assigned
[01:34:39][assetfactory_audio.cpp:949]: SoundEffect 'tut_msg_science_ship_symbol' does not have a category assigned
[01:34:39][assetfactory_audio.cpp:949]: SoundEffect 'event_pre_ftl_civilization' does not have a category assigned
[01:34:39][assetfactory_audio.cpp:949]: SoundEffect 'tut_msg_DATABANK' does not have a category assigned
[01:34:39][assetfactory_audio.cpp:949]: SoundEffect 'tut_msg_SHROUD_PSIONIC_AURA' does not have a category assigned
[01:34:39][assetfactory_audio.cpp:949]: SoundEffect 'tut_msg_SHROUD_AURA_CLASHING' does not have a category assigned
[01:34:39][assetfactory_audio.cpp:949]: SoundEffect 'tut_msg_LEADER_LEVEL_UP' does not have a category assigned
[01:34:39][assetfactory_audio.cpp:949]: SoundEffect 'tut_msg_PLANETVIEW_MANAGEMENT' does not have a category assigned
[01:34:39][assetfactory_audio.cpp:949]: SoundEffect 'tut_msg_observation_post' does not have a category assigned
[01:34:39][assetfactory_audio.cpp:949]: SoundEffect 'tut_msg_preftl_society_discovered' does not have a category assigned
[01:34:39][assetfactory_audio.cpp:949]: SoundEffect 'tut_msg_COUNCIL_VIEW' does not have a category assigned
[01:34:39][assetfactory_audio.cpp:949]: SoundEffect 'tut_msg_ASTRAL_RIFT_VIEW' does not have a category assigned
[01:34:39][assetfactory_audio.cpp:949]: SoundEffect 'tut_evil_vir_error_assistance_mode_off' does not have a category assigned
[01:34:39][assetfactory_audio.cpp:949]: SoundEffect 'tut_evil_vir_dwam' does not have a category assigned
[01:34:39][assetfactory_audio.cpp:949]: SoundEffect 'tut_msg_EDICTS_AND_POLICIES' does not have a category assigned
[01:34:39][assetfactory_audio.cpp:949]: SoundEffect 'tut_msg_ASSIGN_COUNCILOR' does not have a category assigned
[01:34:39][assetfactory_audio.cpp:949]: SoundEffect 'tut_msg_STORM_FORECAST_MAP_MODE' does not have a category assigned
[01:34:39][assetfactory_audio.cpp:949]: SoundEffect 'tut_msg_SHROUD_TAB' does not have a category assigned
[01:34:39][assetfactory_audio.cpp:949]: SoundEffect 'tut_msg_STORM_PROTECTION' does not have a category assigned
[01:34:39][assetfactory_audio.cpp:949]: SoundEffect 'tut_evil_vir_error' does not have a category assigned
[01:34:39][assetfactory_audio.cpp:949]: SoundEffect 'tut_msg_preftl_diplomacy' does not have a category assigned
[01:34:39][assetfactory_audio.cpp:949]: SoundEffect 'btr_renegade_alliance_notification_special_project_complete' does not have a category assigned
[01:34:39][assetfactory_audio.cpp:949]: SoundEffect 'tut_evil_vir_assistance_mode_on' does not have a category assigned
[01:34:39][assetfactory_audio.cpp:949]: SoundEffect 'tut_msg_EMPIRE_FOCUS_TIMELINE' does not have a category assigned
[01:34:39][assetfactory_audio.cpp:949]: SoundEffect 'tut_msg_COLONIZATION' does not have a category assigned
[01:34:39][assetfactory_audio.cpp:949]: SoundEffect 'tut_evil_vir_amoebas' does not have a category assigned
[01:34:39][assetfactory_audio.cpp:949]: SoundEffect 'tut_msg_ELECTION_VIEW' does not have a category assigned
[01:34:39][assetfactory_audio.cpp:949]: SoundEffect 'tut_msg_cloaking_generators' does not have a category assigned
[01:34:39][assetfactory_audio.cpp:966]: Undefined sound effect 'btr_renegade_alliance_advisor_notification_special_project_complete' referenced in sound effect override in soundgroup 'btr_renegade_alliance'.
[01:34:39][pdx_audio.cpp:1200]: Missing sound effect: advisor_tutorial_agenda_ready
[01:34:39][assetfactory_audio.cpp:966]: Undefined sound effect 'advisor_tutorial_agenda_ready' referenced in sound effect override in soundgroup 'l_cybernetic_vir'.
[01:34:39][pdx_audio.cpp:1200]: Missing sound effect: advisor_tutorial_agenda_available
[01:34:39][assetfactory_audio.cpp:966]: Undefined sound effect 'advisor_tutorial_agenda_available' referenced in sound effect override in soundgroup 'l_cybernetic_vir'.
[01:34:39][assetfactory_audio.cpp:966]: Undefined sound effect 'advisor_tutorial_agenda_available' referenced in sound effect override in soundgroup 'l_nomad_vir'.
[01:34:39][assetfactory_audio.cpp:966]: Undefined sound effect 'advisor_tutorial_agenda_ready' referenced in sound effect override in soundgroup 'l_nomad_vir'.
[01:34:39][assetfactory_audio.cpp:966]: Undefined sound effect 'advisor_tutorial_agenda_ready' referenced in sound effect override in soundgroup 'l_psionic_vir'.
[01:34:39][assetfactory_audio.cpp:966]: Undefined sound effect 'advisor_tutorial_agenda_available' referenced in sound effect override in soundgroup 'l_psionic_vir'.
[01:34:39][assetfactory_audio.cpp:966]: Undefined sound effect 'advisor_tutorial_agenda_ready' referenced in sound effect override in soundgroup 'l_venerable_scientist_vir'.
[01:34:39][assetfactory_audio.cpp:966]: Undefined sound effect 'advisor_tutorial_agenda_available' referenced in sound effect override in soundgroup 'l_venerable_scientist_vir'.
[01:34:39][assetfactory_audio.cpp:966]: Undefined sound effect 'advisor_tutorial_agenda_ready' referenced in sound effect override in soundgroup 'l_wild_vir'.
[01:34:39][assetfactory_audio.cpp:966]: Undefined sound effect 'advisor_tutorial_agenda_available' referenced in sound effect override in soundgroup 'l_wild_vir'.
[01:34:41][pdx_particle.cpp:1940]: Particle name is not unique: btr_me_lens_flare_a_star
[01:34:41][pdx_particle.cpp:1940]: Particle name is not unique: btr_me_lens_flare_b_star
[01:34:41][pdx_particle.cpp:1940]: Particle name is not unique: btr_me_lens_flare_c_star
[01:34:41][pdx_particle.cpp:1940]: Particle name is not unique: btr_me_lens_flare_d_star
[01:34:41][pdx_particle.cpp:1940]: Particle name is not unique: btr_me_lens_flare_f_star
[01:34:41][pdx_particle.cpp:1940]: Particle name is not unique: btr_me_lens_flare_a_super_star
[01:34:41][pdx_particle.cpp:1940]: Particle name is not unique: btr_me_lens_flare_b_super_star
[01:34:41][pdx_particle.cpp:1940]: Particle name is not unique: btr_me_lens_flare_f_super_star
[01:34:41][pdx_particle.cpp:1940]: Particle name is not unique: btr_me_lens_flare_g_giant_star
[01:34:41][pdx_particle.cpp:1940]: Particle name is not unique: btr_me_lens_flare_c_giant_star
[01:34:41][pdx_particle.cpp:1940]: Particle name is not unique: btr_me_lens_flare_gm_giant_star
[01:34:41][pdx_particle.cpp:1940]: Particle name is not unique: btr_me_lens_flare_k_giant_star
[01:34:41][pdx_particle.cpp:1940]: Particle name is not unique: btr_me_lens_flare_k_star
[01:34:41][pdx_particle.cpp:1940]: Particle name is not unique: btr_me_lens_flare_k_super_star
[01:34:41][pdx_particle.cpp:1940]: Particle name is not unique: btr_me_lens_flare_lbv_blue_star
[01:34:41][pdx_particle.cpp:1940]: Particle name is not unique: btr_me_lens_flare_lbv_green_star
[01:34:41][pdx_particle.cpp:1940]: Particle name is not unique: btr_me_lens_flare_lbv_red_star
[01:34:41][pdx_particle.cpp:1940]: Particle name is not unique: btr_me_lens_flare_m_giant_star
[01:34:41][pdx_particle.cpp:1940]: Particle name is not unique: btr_me_lens_flare_m_hyper_star
[01:34:41][pdx_particle.cpp:1940]: Particle name is not unique: btr_me_lens_flare_m_star
[01:34:41][pdx_particle.cpp:1940]: Particle name is not unique: btr_me_lens_flare_m_super_star
[01:34:41][pdx_particle.cpp:1940]: Particle name is not unique: btr_me_lens_flare_neutron_star
[01:34:41][pdx_particle.cpp:1940]: Particle name is not unique: btr_me_lens_flare_o_hyper_star
[01:34:41][pdx_particle.cpp:1940]: Particle name is not unique: btr_me_lens_flare_o_star
[01:34:41][pdx_particle.cpp:1940]: Particle name is not unique: btr_me_lens_flare_o_super_star
[01:34:41][pdx_particle.cpp:1940]: Particle name is not unique: btr_me_lens_flare_s_giant_star
[01:34:41][pdx_particle.cpp:1940]: Particle name is not unique: btr_me_lens_flare_s_star
[01:34:41][pdx_particle.cpp:1940]: Particle name is not unique: btr_me_lens_flare_tt_red_star
[01:34:41][pdx_particle.cpp:1940]: Particle name is not unique: btr_me_lens_flare_w_azure_star
[01:34:41][pdx_particle.cpp:1940]: Particle name is not unique: btr_me_lens_flare_w_green_star
[01:34:41][pdx_particle.cpp:1940]: Particle name is not unique: btr_me_lens_flare_w_purple_star
[01:34:41][pdx_particle.cpp:1940]: Particle name is not unique: btr_me_lens_flare_w_red_star
[01:34:42][pdx_audiomusic_sdl.cpp:88]: For best performance and quality music files should be in 44.1kHz (btr_distantsignals)
[01:34:42][buttontype.cpp:22]: Inexistent sprite type "Empire_Select_Main" referenced at file: interface/WIP_loadgame_view.gui line: 28
[01:34:42][buttontype.cpp:22]: Inexistent sprite type "Empire_Select_Sidebar" referenced at file: interface/WIP_loadgame_view.gui line: 203
[01:34:42][buttontype.cpp:22]: Inexistent sprite type "Selected_Outline" referenced at file: interface/WIP_loadgame_view.gui line: 388
[01:34:42][buttontype.cpp:22]: Inexistent sprite type "Selected_Outline" referenced at file: interface/WIP_loadgame_view.gui line: 547
[01:34:42][persistent.cpp:41]: Error: "Unexpected token: containerWindowType, near line: 441
" in file: "interface/btr_topbar_traditions_view.gui" near line: 487
[01:34:42][3dicontype.cpp:20]: Inexistent sprite type "GFX_nomad_contract_icon" referenced at file: interface/contract_accept_view.gui line: 37
[01:34:42][3dicontype.cpp:20]: Inexistent sprite type "GFX_nomad_contract_icon" referenced at file: interface/contract_selection_view.gui line: 179
[01:34:42][3dicontype.cpp:20]: Inexistent sprite type "GFX_nomad_contract_icon" referenced at file: interface/contract_selection_view.gui line: 267
[01:34:42][buttontype.cpp:22]: Inexistent sprite type "GFX_toggle_nomad" referenced at file: interface/customize_species_editors.gui line: 3536
[01:34:42][3dicontype.cpp:20]: Inexistent sprite type "GFX_government_civic_selected_longer" referenced at file: interface/customize_species_editors.gui line: 3725
[01:34:43][buttontype.cpp:22]: Inexistent sprite type "GFX_galaxy_button_elliptical" referenced at file: interface/game_setup/setup.gui line: 579
[01:34:43][buttontype.cpp:22]: Inexistent sprite type "GFX_precursor_button" referenced at file: interface/game_setup/setup.gui line: 645
[01:34:43][buttontype.cpp:22]: Inexistent sprite type "GFX_precursor_vultaum" referenced at file: interface/game_setup/setup.gui line: 652
[01:34:43][3dicontype.cpp:20]: Inexistent sprite type "GFX_has_logistics_hub" referenced at file: interface/mapicons.gui line: 710
[01:34:43][buttontype.cpp:22]: Inexistent sprite type "GFX_nomad_contract_icon" referenced at file: interface/mapicons.gui line: 997
[01:34:43][3dicontype.cpp:20]: Inexistent sprite type "GFX_waystation_network_outliner" referenced at file: interface/outliner.gui line: 3118
[01:34:43][3dicontype.cpp:20]: Inexistent sprite type "GFX_arkship_blueprint_background" referenced at file: interface/planet_view.gui line: 359
[01:34:43][3dicontype.cpp:20]: Inexistent sprite type "GFX_arkship_blueprint_civilian_tier_1" referenced at file: interface/planet_view.gui line: 609
[01:34:43][persistent.cpp:41]: Error: "Unexpected token: scale, near line: 215
" in file: "interface/start_screen.gui" near line: 215
[01:34:43][3dicontype.cpp:20]: Inexistent sprite type "GFX_waystation_network_outliner" referenced at file: interface/waystation_view.gui line: 126
[01:34:43][texturehandler.cpp:66]: Texture Handler encountered missing texture file: gfx/interface/icons/ship_parts/ship_sizes_top.dds
[01:34:43][texturehandler.cpp:350]: Couldn't find texture file: gfx/interface/icons/ship_parts/ship_sizes_top.dds.
[01:34:43][spritetype.cpp:317]: Error initialising texture: gfx/interface/icons/ship_parts/ship_sizes_top.dds for spritetype GFX_ship_size_science_top
[01:34:43][spritetype.cpp:317]: Error initialising texture: gfx/interface/icons/ship_parts/ship_sizes_top.dds for spritetype GFX_ship_size_military_4_top
[01:34:43][texturehandler.cpp:66]: Texture Handler encountered missing texture file: gfx/interface/icons/ship_parts/ship_sizes_top_damaged.dds
[01:34:43][texturehandler.cpp:350]: Couldn't find texture file: gfx/interface/icons/ship_parts/ship_sizes_top_damaged.dds.
[01:34:43][spritetype.cpp:317]: Error initialising texture: gfx/interface/icons/ship_parts/ship_sizes_top_damaged.dds for spritetype GFX_ship_size_space_amoeba_top_damaged
[01:34:43][spritetype.cpp:317]: Error initialising texture: gfx/interface/icons/ship_parts/ship_sizes_top_damaged.dds for spritetype GFX_ship_size_mauler_stage_3_top_damaged
[01:34:43][spritetype.cpp:317]: Error initialising texture: gfx/interface/icons/ship_parts/ship_sizes_top.dds for spritetype GFX_ship_size_tiyanki_top
[01:34:43][texturehandler.cpp:66]: Texture Handler encountered missing texture file: gfx/tiles/btr_start_screen_datapad.dds
[01:34:43][texturehandler.cpp:350]: Couldn't find texture file: gfx/tiles/btr_start_screen_datapad.dds.
[01:34:43][spritetype.cpp:317]: Error initialising texture: gfx/tiles/btr_start_screen_datapad.dds for spritetype GFX_btr_start_screen_bg
[01:34:43][spritetype.cpp:317]: Error initialising texture: gfx/interface/icons/ship_parts/ship_sizes_top_damaged.dds for spritetype GFX_ship_size_mauler_stage_2_top_damaged
[01:34:43][spritetype.cpp:317]: Error initialising texture: gfx/interface/icons/ship_parts/ship_sizes_top_damaged.dds for spritetype GFX_ship_size_science_top_damaged
[01:34:43][spritetype.cpp:317]: Error initialising texture: gfx/interface/icons/ship_parts/ship_sizes_top_damaged.dds for spritetype GFX_ship_size_stinger_stage_2_top_damaged
[01:34:43][spritetype.cpp:317]: Error initialising texture: gfx/interface/icons/ship_parts/ship_sizes_top.dds for spritetype GFX_ship_size_mauler_stage_1_top
[01:34:43][spritetype.cpp:317]: Error initialising texture: gfx/interface/icons/ship_parts/ship_sizes_top_damaged.dds for spritetype GFX_ship_size_weaver_stage_2_top_damaged
[01:34:43][spritetype.cpp:317]: Error initialising texture: gfx/interface/icons/ship_parts/ship_sizes_top_damaged.dds for spritetype GFX_ship_size_harbinger_stage_3_top_damaged
[01:34:43][spritetype.cpp:317]: Error initialising texture: gfx/interface/icons/ship_parts/ship_sizes_top.dds for spritetype GFX_ship_size_military_16_top
[01:34:43][spritetype.cpp:317]: Error initialising texture: gfx/interface/icons/ship_parts/ship_sizes_top_damaged.dds for spritetype GFX_ship_size_harbinger_stage_2_top_damaged
[01:34:43][spritetype.cpp:317]: Error initialising texture: gfx/interface/icons/ship_parts/ship_sizes_top.dds for spritetype GFX_ship_size_mauler_stage_3_top
[01:34:43][spritetype.cpp:317]: Error initialising texture: gfx/interface/icons/ship_parts/ship_sizes_top.dds for spritetype GFX_ship_size_stinger_stage_3_top
[01:34:43][spritetype.cpp:317]: Error initialising texture: gfx/interface/icons/ship_parts/ship_sizes_top_damaged.dds for spritetype GFX_ship_size_military_16_top_damaged
[01:34:43][spritetype.cpp:317]: Error initialising texture: gfx/interface/icons/ship_parts/ship_sizes_top.dds for spritetype GFX_ship_size_weaver_stage_3_top
[01:34:43][spritetype.cpp:317]: Error initialising texture: gfx/interface/icons/ship_parts/ship_sizes_top_damaged.dds for spritetype GFX_ship_size_military_2_top_damaged
[01:34:43][spritetype.cpp:317]: Error initialising texture: gfx/interface/icons/ship_parts/ship_sizes_top_damaged.dds for spritetype GFX_ship_size_colonizer_top_damaged
[01:34:43][spritetype.cpp:317]: Error initialising texture: gfx/interface/icons/ship_parts/ship_sizes_top.dds for spritetype GFX_ship_size_military_8_top
[01:34:43][texturehandler.cpp:66]: Texture Handler encountered missing texture file: gfx/interface/icons/btr_planet_type_icons_old.dds
[01:34:43][texturehandler.cpp:350]: Couldn't find texture file: gfx/interface/icons/btr_planet_type_icons_old.dds.
[01:34:43][spritetype.cpp:317]: Error initialising texture: gfx/interface/icons/btr_planet_type_icons_old.dds for spritetype GFX_planet_type
[01:34:43][spritetype.cpp:317]: Error initialising texture: gfx/interface/icons/ship_parts/ship_sizes_top_damaged.dds for spritetype GFX_ship_size_military_1_torpedo_top_damaged
[01:34:43][spritetype.cpp:317]: Error initialising texture: gfx/interface/icons/ship_parts/ship_sizes_top_damaged.dds for spritetype GFX_ship_size_transport_top_damaged
[01:34:43][spritetype.cpp:317]: Error initialising texture: gfx/interface/icons/ship_parts/ship_sizes_top_damaged.dds for spritetype GFX_ship_size_weaver_stage_3_top_damaged
[01:34:43][spritetype.cpp:317]: Error initialising texture: gfx/interface/icons/ship_parts/ship_sizes_top.dds for spritetype GFX_ship_size_space_monster_top
[01:34:43][spritetype.cpp:317]: Error initialising texture: gfx/interface/icons/ship_parts/ship_sizes_top_damaged.dds for spritetype GFX_ship_size_crystalline_entity_top_damaged
[01:34:43][spritetype.cpp:317]: Error initialising texture: gfx/interface/icons/ship_parts/ship_sizes_top.dds for spritetype GFX_ship_size_weaver_stage_2_top
[01:34:43][spritetype.cpp:317]: Error initialising texture: gfx/interface/icons/ship_parts/ship_sizes_top_damaged.dds for spritetype GFX_ship_size_military_8_top_damaged
[01:34:43][spritetype.cpp:317]: Error initialising texture: gfx/interface/icons/ship_parts/ship_sizes_top.dds for spritetype GFX_ship_size_cutholoid_top
[01:34:43][spritetype.cpp:317]: Error initialising texture: gfx/interface/icons/ship_parts/ship_sizes_top.dds for spritetype GFX_ship_size_military_64_top
[01:34:43][spritetype.cpp:317]: Error initialising texture: gfx/interface/icons/ship_parts/ship_sizes_top.dds for spritetype GFX_ship_size_military_station_top
[01:34:43][spritetype.cpp:317]: Error initialising texture: gfx/interface/icons/ship_parts/ship_sizes_top_damaged.dds for spritetype GFX_ship_size_voidworm_top_damaged
[01:34:43][spritetype.cpp:317]: Error initialising texture: gfx/interface/icons/ship_parts/ship_sizes_top_damaged.dds for spritetype GFX_ship_size_military_4_top_damaged
[01:34:43][spritetype.cpp:317]: Error initialising texture: gfx/interface/icons/ship_parts/ship_sizes_top_damaged.dds for spritetype GFX_ship_size_harbinger_stage_1_top_damaged
[01:34:43][spritetype.cpp:317]: Error initialising texture: gfx/interface/icons/ship_parts/ship_sizes_top.dds for spritetype GFX_ship_size_harbinger_stage_2_top
[01:34:43][spritetype.cpp:317]: Error initialising texture: gfx/interface/icons/ship_parts/ship_sizes_top_damaged.dds for spritetype GFX_ship_size_military_64_top_damaged
[01:34:43][spritetype.cpp:317]: Error initialising texture: gfx/interface/icons/ship_parts/ship_sizes_top_damaged.dds for spritetype GFX_ship_size_weaver_stage_1_top_damaged
[01:34:43][spritetype.cpp:317]: Error initialising texture: gfx/interface/icons/ship_parts/ship_sizes_top_damaged.dds for spritetype GFX_ship_size_tiyanki_top_damaged
[01:34:43][spritetype.cpp:317]: Error initialising texture: gfx/interface/icons/ship_parts/ship_sizes_top_damaged.dds for spritetype GFX_ship_size_space_monster_top_damaged
[01:34:43][spritetype.cpp:317]: Error initialising texture: gfx/interface/icons/ship_parts/ship_sizes_top_damaged.dds for spritetype GFX_ship_size_military_1_top_damaged
[01:34:43][spritetype.cpp:317]: Error initialising texture: gfx/interface/icons/ship_parts/ship_sizes_top.dds for spritetype GFX_ship_size_military_1_torpedo_top
[01:34:43][spritetype.cpp:317]: Error initialising texture: gfx/interface/icons/ship_parts/ship_sizes_top_damaged.dds for spritetype GFX_ship_size_stinger_stage_1_top_damaged
[01:34:43][spritetype.cpp:317]: Error initialising texture: gfx/interface/icons/ship_parts/ship_sizes_top.dds for spritetype GFX_ship_size_military_2_top
[01:34:43][spritetype.cpp:317]: Error initialising texture: gfx/interface/icons/ship_parts/ship_sizes_top.dds for spritetype GFX_ship_size_harbinger_stage_3_top
[01:34:43][spritetype.cpp:317]: Error initialising texture: gfx/interface/icons/ship_parts/ship_sizes_top.dds for spritetype GFX_ship_size_harbinger_stage_1_top
[01:34:43][spritetype.cpp:317]: Error initialising texture: gfx/interface/icons/ship_parts/ship_sizes_top_damaged.dds for spritetype GFX_ship_size_mauler_stage_1_top_damaged
[01:34:43][spritetype.cpp:317]: Error initialising texture: gfx/interface/icons/ship_parts/ship_sizes_top.dds for spritetype GFX_ship_size_weaver_stage_1_top
[01:34:43][spritetype.cpp:317]: Error initialising texture: gfx/interface/icons/ship_parts/ship_sizes_top_damaged.dds for spritetype GFX_ship_size_cutholoid_top_damaged
[01:34:43][spritetype.cpp:317]: Error initialising texture: gfx/interface/icons/ship_parts/ship_sizes_top.dds for spritetype GFX_ship_sizes_top
[01:34:43][spritetype.cpp:317]: Error initialising texture: gfx/interface/icons/ship_parts/ship_sizes_top_damaged.dds for spritetype GFX_ship_size_voidworm_troika_top_damaged
[01:34:43][spritetype.cpp:317]: Error initialising texture: gfx/interface/icons/ship_parts/ship_sizes_top.dds for spritetype GFX_ship_size_constructor_top
[01:34:43][spritetype.cpp:317]: Error initialising texture: gfx/interface/icons/ship_parts/ship_sizes_top.dds for spritetype GFX_ship_size_military_1_top
[01:34:43][spritetype.cpp:317]: Error initialising texture: gfx/interface/icons/ship_parts/ship_sizes_top.dds for spritetype GFX_ship_size_mauler_stage_2_top
[01:34:43][spritetype.cpp:317]: Error initialising texture: gfx/interface/icons/ship_parts/ship_sizes_top.dds for spritetype GFX_ship_size_space_amoeba_top
[01:34:43][spritetype.cpp:317]: Error initialising texture: gfx/interface/icons/ship_parts/ship_sizes_top.dds for spritetype GFX_ship_size_transport_top
[01:34:43][spritetype.cpp:317]: Error initialising texture: gfx/interface/icons/ship_parts/ship_sizes_top.dds for spritetype GFX_ship_size_stinger_stage_2_top
[01:34:43][spritetype.cpp:317]: Error initialising texture: gfx/interface/icons/ship_parts/ship_sizes_top_damaged.dds for spritetype GFX_ship_size_military_station_top_damaged
[01:34:43][spritetype.cpp:317]: Error initialising texture: gfx/interface/icons/ship_parts/ship_sizes_top_damaged.dds for spritetype GFX_ship_size_military_32_top_damaged
[01:34:43][spritetype.cpp:317]: Error initialising texture: gfx/interface/icons/ship_parts/ship_sizes_top.dds for spritetype GFX_ship_size_voidworm_top
[01:34:43][spritetype.cpp:317]: Error initialising texture: gfx/interface/icons/ship_parts/ship_sizes_top.dds for spritetype GFX_ship_size_military_32_top
[01:34:43][spritetype.cpp:317]: Error initialising texture: gfx/interface/icons/ship_parts/ship_sizes_top.dds for spritetype GFX_ship_size_voidworm_troika_top
[01:34:43][spritetype.cpp:317]: Error initialising texture: gfx/interface/icons/ship_parts/ship_sizes_top.dds for spritetype GFX_ship_size_crystalline_entity_top
[01:34:44][spritetype.cpp:317]: Error initialising texture: gfx/interface/icons/ship_parts/ship_sizes_top.dds for spritetype GFX_ship_size_stinger_stage_1_top
[01:34:44][spritetype.cpp:317]: Error initialising texture: gfx/interface/icons/ship_parts/ship_sizes_top.dds for spritetype GFX_ship_size_colonizer_top
[01:34:44][spritetype.cpp:317]: Error initialising texture: gfx/interface/icons/ship_parts/ship_sizes_top_damaged.dds for spritetype GFX_ship_size_constructor_top_damaged
[01:34:44][texturehandler.cpp:66]: Texture Handler encountered missing texture file: gfx/tiles/MP_BG_BTR.dds
[01:34:44][texturehandler.cpp:350]: Couldn't find texture file: gfx/tiles/MP_BG_BTR.dds.
[01:34:44][spritetype.cpp:317]: Error initialising texture: gfx/interface/icons/ship_parts/ship_sizes_top_damaged.dds for spritetype GFX_ship_sizes_top_damaged
[01:34:44][spritetype.cpp:317]: Error initialising texture: gfx/interface/icons/ship_parts/ship_sizes_top_damaged.dds for spritetype GFX_ship_size_stinger_stage_3_top_damaged
[01:34:44][graphics.cpp:520]: a 3d-type with the name "btr_me_lens_flare_w_purple_star" already exists!  file: gfx/particles/btr_me_lens_flare_particles.gfx line: 218
[01:34:44][pdxassetutil.cpp:146]: Failed to find texture 'btr_rachni_20_body.png'
[01:34:45][pdxassetutil.cpp:146]: Failed to find texture 'btr_batarian_female_face_paint_01_test.dds'
[01:34:45][texturehandler.cpp:66]: Texture Handler encountered missing texture file: gfx/models/portraits/btr_08_batarian/btr_batarian_female_face_paint_01_test.dds
[01:34:47][pdxassetutil.cpp:604]: Failed to create material with shader PdxMeshPlanetRingsRS for mesh [patternShape] in gfx/models/planets/gas_giant_rings_01.mesh
[01:34:47][pdxassetutil.cpp:604]: Failed to create material with shader PdxMeshPlanetRingsRS for mesh [patternShape] in gfx/models/planets/gas_giant_rings_02.mesh
[01:34:47][graphics/pdx_entity.cpp:2560]: Duplicate of gaia_planet_01_entity added to entity system
[01:34:47][graphics/pdx_entity.cpp:251]: Could not find animation "idle2" for state "idle" in entity "portrait_hanar_01_entity"
[01:34:47][graphics/pdx_entity.cpp:251]: Could not find animation "idle3" for state "idle" in entity "portrait_hanar_01_entity"
[01:34:47][pdx_audio.cpp:1200]: Missing sound effect: space_ark_idle
[01:34:47][graphics/pdx_entity.cpp:147]: Couldn't find sound effect: "space_ark_idle"
[01:34:47][modifier.cpp:3313]: Missing modifier localization: agenda_galactism_finish
[01:34:47][modifier.cpp:3313]: Missing modifier localization: agenda_self_finish
[01:34:47][modifier.cpp:3313]: Missing modifier localization: agenda_intervention_finish
[01:34:47][modifier.cpp:3313]: Missing modifier localization: agenda_multicultural_finish
[01:34:47][modifier.cpp:3313]: Missing modifier localization: agenda_systems_finish
[01:34:47][modifier.cpp:3313]: Missing modifier localization: agenda_cruiser_finish
[01:34:47][modifier.cpp:3313]: Missing modifier localization: agenda_battleship_finish
[01:34:47][modifier.cpp:3313]: Missing modifier localization: agenda_carrier_finish
[01:34:47][modifier.cpp:3313]: Missing modifier localization: agenda_military_finish
[01:34:47][modifier.cpp:3313]: Missing modifier localization: agenda_frontier_finish
[01:34:47][modifier.cpp:3313]: Missing modifier localization: agenda_centralization_finish
[01:34:47][modifier.cpp:3313]: Missing modifier localization: agenda_communal_finish
[01:34:48][game_singleobjectdatabase.h:170]: Object with key: has_any_generator_district_or_building already exists, using the one at  file: common/scripted_triggers/btr_planetarystations_scripted_triggers.txt line: 189
[01:34:48][game_singleobjectdatabase.h:170]: Object with key: generate_citadel_council_starting_resources already exists, using the one at  file: common/scripted_effects/btr_game_start_empire_resources_effects.txt line: 1320
[01:34:48][strategic_resource.cpp:473]: Did not find an icon for resource: reaper_artifacts
[01:34:48][strategic_resource.cpp:499]: Did not find a greyscale icon for resource: reaper_artifacts
[01:34:48][game_singleobjectdatabase.h:170]: Object with key: planet_gladiators already exists, using the one at  file: common/economic_categories/btr_planetarystations_categories.txt line: 56
[01:34:48][ambient_object_database.cpp:39]: invalid entity "dark_purple_globule_entity_medium". Switching to fallback.  file: common/ambient_objects/realspace_ambient_objects.txt line: 112
[01:34:48][ambient_object_database.cpp:39]: invalid entity "dark_purple_globule_entity_small". Switching to fallback.  file: common/ambient_objects/realspace_ambient_objects.txt line: 118
[01:34:48][ambient_object_database.cpp:39]: invalid entity "dark_orange_globule_entity_medium". Switching to fallback.  file: common/ambient_objects/realspace_ambient_objects.txt line: 127
[01:34:48][ambient_object_database.cpp:39]: invalid entity "dark_orange_globule_entity_small". Switching to fallback.  file: common/ambient_objects/realspace_ambient_objects.txt line: 133
[01:34:48][ambient_object_database.cpp:39]: invalid entity "dark_red_globule_entity_medium". Switching to fallback.  file: common/ambient_objects/realspace_ambient_objects.txt line: 142
[01:34:48][ambient_object_database.cpp:39]: invalid entity "dark_red_globule_entity_small". Switching to fallback.  file: common/ambient_objects/realspace_ambient_objects.txt line: 148
[01:34:48][ambient_object_database.cpp:39]: invalid entity "dark_blue_globule_entity_medium". Switching to fallback.  file: common/ambient_objects/realspace_ambient_objects.txt line: 157
[01:34:48][ambient_object_database.cpp:39]: invalid entity "dark_blue_globule_entity_small". Switching to fallback.  file: common/ambient_objects/realspace_ambient_objects.txt line: 163
[01:34:48][ambient_object_database.cpp:39]: invalid entity "protostar_nebula_entity". Switching to fallback.  file: common/ambient_objects/realspace_system_effects.txt line: 1107
[01:34:48][ambient_object_database.cpp:39]: invalid entity "collapsar_nebula_entity". Switching to fallback.  file: common/ambient_objects/realspace_system_effects.txt line: 1115
[01:34:48][ambient_object_database.cpp:39]: invalid entity "dark_purple_nebula_1_entity". Switching to fallback.  file: common/ambient_objects/realspace_system_effects.txt line: 1123
[01:34:48][ambient_object_database.cpp:39]: invalid entity "dark_purple_nebula_2_entity". Switching to fallback.  file: common/ambient_objects/realspace_system_effects.txt line: 1131
[01:34:48][ambient_object_database.cpp:39]: invalid entity "dark_orange_nebula_1_entity". Switching to fallback.  file: common/ambient_objects/realspace_system_effects.txt line: 1139
[01:34:48][ambient_object_database.cpp:39]: invalid entity "dark_orange_nebula_2_entity". Switching to fallback.  file: common/ambient_objects/realspace_system_effects.txt line: 1147
[01:34:48][ambient_object_database.cpp:39]: invalid entity "dark_red_nebula_1_entity". Switching to fallback.  file: common/ambient_objects/realspace_system_effects.txt line: 1155
[01:34:48][ambient_object_database.cpp:39]: invalid entity "dark_red_nebula_2_entity". Switching to fallback.  file: common/ambient_objects/realspace_system_effects.txt line: 1163
[01:34:48][ambient_object_database.cpp:39]: invalid entity "dark_blue_nebula_1_entity". Switching to fallback.  file: common/ambient_objects/realspace_system_effects.txt line: 1171
[01:34:48][ambient_object_database.cpp:39]: invalid entity "dark_blue_nebula_2_entity". Switching to fallback.  file: common/ambient_objects/realspace_system_effects.txt line: 1179
[01:34:48][trigger.cpp:635]: Wrong scope for trigger 'has_job_type' at  file: gfx/portraits/asset_selectors/btr_01_asari_outfits.txt line: 310
Current Scope: pop_group
Supported Scopes: pop job
[01:34:48][portraits.cpp:814]: could not find entity stellaris_frontend_root_entity.  file: gfx/portraits/portraits/00_portraits_main.txt line: 257
[01:34:48][portraits.cpp:929]: Invalid portrait configuration specified for "debug"[01:34:48][portraits.cpp:586]: Cannot find character texture file 'gfx/models/portraits/husk/husk_humanoid_02_male_body.dds' mentioned at ' file: gfx/portraits/portraits/btr_22_reaper_portraits.txt line: 6'
[01:34:48][portraits.cpp:814]: could not find entity portrait_asari_female_entity.  file: gfx/portraits/portraits/btr_asari_01_portraits.txt line: 16
[01:34:48][pdx_audio.cpp:1200]: Missing sound effect: asari_female_greetings_03
[01:34:48][portraits.cpp:878]: couldn't find sound effect "asari_female_greetings_03".  file: gfx/portraits/portraits/btr_asari_01_portraits.txt line: 19
[01:34:48][portraits.cpp:586]: Cannot find character texture file 'gfx/models/portraits/asari/asari_female_body_latina_brown_eyes.dds' mentioned at ' file: gfx/portraits/portraits/btr_asari_01_portraits.txt line: 22'
[01:34:48][portraits.cpp:586]: Cannot find character texture file 'gfx/models/portraits/asari/asari_female_body_latina_light_brown_eyes.dds' mentioned at ' file: gfx/portraits/portraits/btr_asari_01_portraits.txt line: 23'
[01:34:48][portraits.cpp:586]: Cannot find character texture file 'gfx/models/portraits/asari/asari_female_body_latina_green_eyes.dds' mentioned at ' file: gfx/portraits/portraits/btr_asari_01_portraits.txt line: 24'
[01:34:48][portraits.cpp:586]: Cannot find character texture file 'gfx/models/portraits/asari/asari_female_body_latina_blue_eyes.dds' mentioned at ' file: gfx/portraits/portraits/btr_asari_01_portraits.txt line: 25'
[01:34:48][portraits.cpp:586]: Cannot find character texture file 'gfx/models/portraits/asari/asari_female_body_latina_hazel_eyes.dds' mentioned at ' file: gfx/portraits/portraits/btr_asari_01_portraits.txt line: 26'
[01:34:48][portraits.cpp:929]: Invalid portrait configuration specified for "asari_female_01"[01:34:48][portraits.cpp:814]: could not find entity portrait_asari_female_entity.  file: gfx/portraits/portraits/btr_asari_01_portraits.txt line: 33
[01:34:48][pdx_audio.cpp:1200]: Missing sound effect: asari_female_greetings_04
[01:34:48][portraits.cpp:878]: couldn't find sound effect "asari_female_greetings_04".  file: gfx/portraits/portraits/btr_asari_01_portraits.txt line: 36
[01:34:48][portraits.cpp:586]: Cannot find character texture file 'gfx/models/portraits/asari/asari_female_body_asian_brown_eyes.dds' mentioned at ' file: gfx/portraits/portraits/btr_asari_01_portraits.txt line: 39'
[01:34:48][portraits.cpp:586]: Cannot find character texture file 'gfx/models/portraits/asari/asari_female_body_asian_light_brown_eyes.dds' mentioned at ' file: gfx/portraits/portraits/btr_asari_01_portraits.txt line: 40'
[01:34:48][portraits.cpp:586]: Cannot find character texture file 'gfx/models/portraits/asari/asari_female_body_asian_green_eyes.dds' mentioned at ' file: gfx/portraits/portraits/btr_asari_01_portraits.txt line: 41'
[01:34:48][portraits.cpp:586]: Cannot find character texture file 'gfx/models/portraits/asari/asari_female_body_asian_blue_eyes.dds' mentioned at ' file: gfx/portraits/portraits/btr_asari_01_portraits.txt line: 42'
[01:34:48][portraits.cpp:586]: Cannot find character texture file 'gfx/models/portraits/asari/asari_female_body_asian_hazel_eyes.dds' mentioned at ' file: gfx/portraits/portraits/btr_asari_01_portraits.txt line: 43'
[01:34:48][portraits.cpp:929]: Invalid portrait configuration specified for "asari_female_02"[01:34:48][portraits.cpp:814]: could not find entity portrait_asari_female_entity.  file: gfx/portraits/portraits/btr_asari_01_portraits.txt line: 50
[01:34:48][pdx_audio.cpp:1200]: Missing sound effect: asari_female_greetings_05
[01:34:48][portraits.cpp:878]: couldn't find sound effect "asari_female_greetings_05".  file: gfx/portraits/portraits/btr_asari_01_portraits.txt line: 53
[01:34:48][portraits.cpp:586]: Cannot find character texture file 'gfx/models/portraits/asari/asari_female_body_mideastern_brown_eyes.dds' mentioned at ' file: gfx/portraits/portraits/btr_asari_01_portraits.txt line: 56'
[01:34:48][portraits.cpp:586]: Cannot find character texture file 'gfx/models/portraits/asari/asari_female_body_mideastern_light_brown_eyes.dds' mentioned at ' file: gfx/portraits/portraits/btr_asari_01_portraits.txt line: 57'
[01:34:48][portraits.cpp:586]: Cannot find character texture file 'gfx/models/portraits/asari/asari_female_body_mideastern_green_eyes.dds' mentioned at ' file: gfx/portraits/portraits/btr_asari_01_portraits.txt line: 58'
[01:34:48][portraits.cpp:586]: Cannot find character texture file 'gfx/models/portraits/asari/asari_female_body_mideastern_blue_eyes.dds' mentioned at ' file: gfx/portraits/portraits/btr_asari_01_portraits.txt line: 59'
[01:34:48][portraits.cpp:586]: Cannot find character texture file 'gfx/models/portraits/asari/asari_female_body_mideastern_hazel_eyes.dds' mentioned at ' file: gfx/portraits/portraits/btr_asari_01_portraits.txt line: 60'
[01:34:48][portraits.cpp:929]: Invalid portrait configuration specified for "asari_female_03"[01:34:48][portraits.cpp:814]: could not find entity portrait_asari_female_entity.  file: gfx/portraits/portraits/btr_asari_01_portraits.txt line: 67
[01:34:48][pdx_audio.cpp:1200]: Missing sound effect: asari_female_greetings_01
[01:34:48][portraits.cpp:878]: couldn't find sound effect "asari_female_greetings_01".  file: gfx/portraits/portraits/btr_asari_01_portraits.txt line: 70
[01:34:48][portraits.cpp:586]: Cannot find character texture file 'gfx/models/portraits/asari/asari_female_body_caucasian_brown_eyes.dds' mentioned at ' file: gfx/portraits/portraits/btr_asari_01_portraits.txt line: 73'
[01:34:48][portraits.cpp:586]: Cannot find character texture file 'gfx/models/portraits/asari/asari_female_body_caucasian_light_brown_eyes.dds' mentioned at ' file: gfx/portraits/portraits/btr_asari_01_portraits.txt line: 74'
[01:34:48][portraits.cpp:586]: Cannot find character texture file 'gfx/models/portraits/asari/asari_female_body_caucasian_green_eyes.dds' mentioned at ' file: gfx/portraits/portraits/btr_asari_01_portraits.txt line: 75'
[01:34:48][portraits.cpp:586]: Cannot find character texture file 'gfx/models/portraits/asari/asari_female_body_caucasian_blue_eyes.dds' mentioned at ' file: gfx/portraits/portraits/btr_asari_01_portraits.txt line: 76'
[01:34:48][portraits.cpp:586]: Cannot find character texture file 'gfx/models/portraits/asari/asari_female_body_caucasian_hazel_eyes.dds' mentioned at ' file: gfx/portraits/portraits/btr_asari_01_portraits.txt line: 77'
[01:34:48][portraits.cpp:929]: Invalid portrait configuration specified for "asari_female_04"[01:34:48][portraits.cpp:814]: could not find entity portrait_asari_female_entity.  file: gfx/portraits/portraits/btr_asari_01_portraits.txt line: 84
[01:34:48][pdx_audio.cpp:1200]: Missing sound effect: asari_female_greetings_02
[01:34:48][portraits.cpp:878]: couldn't find sound effect "asari_female_greetings_02".  file: gfx/portraits/portraits/btr_asari_01_portraits.txt line: 87
[01:34:48][portraits.cpp:586]: Cannot find character texture file 'gfx/models/portraits/asari/asari_female_body_african_brown_eyes.dds' mentioned at ' file: gfx/portraits/portraits/btr_asari_01_portraits.txt line: 90'
[01:34:48][portraits.cpp:586]: Cannot find character texture file 'gfx/models/portraits/asari/asari_female_body_african_light_brown_eyes.dds' mentioned at ' file: gfx/portraits/portraits/btr_asari_01_portraits.txt line: 91'
[01:34:48][portraits.cpp:586]: Cannot find character texture file 'gfx/models/portraits/asari/asari_female_body_african_green_eyes.dds' mentioned at ' file: gfx/portraits/portraits/btr_asari_01_portraits.txt line: 92'
[01:34:48][portraits.cpp:586]: Cannot find character texture file 'gfx/models/portraits/asari/asari_female_body_african_blue_eyes.dds' mentioned at ' file: gfx/portraits/portraits/btr_asari_01_portraits.txt line: 93'
[01:34:48][portraits.cpp:586]: Cannot find character texture file 'gfx/models/portraits/asari/asari_female_body_african_hazel_eyes.dds' mentioned at ' file: gfx/portraits/portraits/btr_asari_01_portraits.txt line: 94'
[01:34:48][portraits.cpp:929]: Invalid portrait configuration specified for "asari_female_05"[01:34:48][portraits.cpp:963]: Error: "Unexpected token: bte_asari_02_clothes_01, near line: 3
" in file: "gfx/portraits/portraits/btr_asari_clothes_01.txt" near line: 56
[01:34:48][portraits.cpp:963]: Error: "Unexpected token: btr_asari_facepaint_1, near line: 58
" in file: "gfx/portraits/portraits/btr_asari_clothes_01.txt" near line: 87
[01:34:49][trigger.cpp:635]: Wrong scope for trigger 'has_planet_flag' at  file: common/buildings/00_capital_buildings.txt line: 1264
Current Scope: colony
Supported Scopes: planet
[01:34:49][trigger.cpp:635]: Wrong scope for trigger 'has_planet_flag' at  file: common/buildings/00_capital_buildings.txt line: 1420
Current Scope: colony
Supported Scopes: planet
[01:34:49][trigger.cpp:635]: Wrong scope for trigger 'has_planet_flag' at  file: common/buildings/02_government_buildings.txt line: 513
Current Scope: colony
Supported Scopes: planet
[01:34:49][effect.cpp:529]: Wrong scope for effect 'planet_event' at  file: common/buildings/02_government_buildings.txt line: 1373
Current Scope: colony
Supported Scopes: planet
[01:34:49][effect.cpp:529]: Wrong scope for effect 'planet_event' at  file: common/buildings/02_government_buildings.txt line: 1455
Current Scope: colony
Supported Scopes: planet
[01:34:49][trigger.cpp:635]: Wrong scope for trigger 'has_planet_flag' at  file: common/buildings/03_resource_buildings.txt line: 670
Current Scope: colony
Supported Scopes: planet
[01:34:49][trigger.cpp:635]: Wrong scope for trigger 'has_planet_flag' at  file: common/buildings/04_manufacturing_buildings.txt line: 25
Current Scope: colony
Supported Scopes: planet
[01:34:49][trigger.cpp:635]: Wrong scope for trigger 'has_planet_flag' at  file: common/buildings/04_manufacturing_buildings.txt line: 247
Current Scope: colony
Supported Scopes: planet
[01:34:49][trigger.cpp:635]: Wrong scope for trigger 'has_planet_flag' at  file: common/buildings/05_research_buildings.txt line: 28
Current Scope: colony
Supported Scopes: planet
[01:34:49][trigger.cpp:635]: Wrong scope for trigger 'has_planet_flag' at  file: common/buildings/05_research_buildings.txt line: 888
Current Scope: colony
Supported Scopes: planet
[01:34:49][trigger.cpp:635]: Wrong scope for trigger 'has_planet_flag' at  file: common/buildings/05_research_buildings.txt line: 1117
Current Scope: colony
Supported Scopes: planet
[01:34:49][trigger.cpp:635]: Wrong scope for trigger 'has_planet_flag' at  file: common/buildings/05_research_buildings.txt line: 1349
Current Scope: colony
Supported Scopes: planet
[01:34:49][trigger.cpp:635]: Wrong scope for trigger 'has_planet_flag' at  file: common/buildings/06_trade_buildings.txt line: 25
Current Scope: colony
Supported Scopes: planet
[01:34:49][trigger.cpp:635]: Wrong scope for trigger 'has_planet_flag' at  file: common/buildings/07_amenity_buildings.txt line: 26
Current Scope: colony
Supported Scopes: planet
[01:34:49][trigger.cpp:635]: Wrong scope for trigger 'has_planet_flag' at  file: common/buildings/07_amenity_buildings.txt line: 188
Current Scope: colony
Supported Scopes: planet
[01:34:49][trigger.cpp:635]: Wrong scope for trigger 'has_planet_flag' at  file: common/buildings/07_amenity_buildings.txt line: 350
Current Scope: colony
Supported Scopes: planet
[01:34:49][trigger.cpp:635]: Wrong scope for trigger 'has_planet_flag' at  file: common/buildings/07_amenity_buildings.txt line: 463
Current Scope: colony
Supported Scopes: planet
[01:34:49][trigger.cpp:635]: Wrong scope for trigger 'has_planet_flag' at  file: common/buildings/07_amenity_buildings.txt line: 589
Current Scope: colony
Supported Scopes: planet
[01:34:49][trigger.cpp:635]: Wrong scope for trigger 'has_planet_flag' at  file: common/buildings/07_amenity_buildings.txt line: 730
Current Scope: colony
Supported Scopes: planet
[01:34:49][trigger.cpp:635]: Wrong scope for trigger 'has_planet_flag' at  file: common/buildings/09_army_buildings.txt line: 197
Current Scope: colony
Supported Scopes: planet
[01:34:49][trigger.cpp:635]: Wrong scope for trigger 'has_planet_flag' at  file: common/buildings/12_event_buildings.txt line: 392
Current Scope: colony
Supported Scopes: planet
[01:34:49][trigger.cpp:635]: Wrong scope for trigger 'has_planet_flag' at  file: common/buildings/btr_empire_tradition_buildings.txt line: 72
Current Scope: colony
Supported Scopes: planet
[01:34:49][trigger.cpp:635]: Wrong scope for trigger 'has_planet_flag' at  file: common/buildings/btr_empire_tradition_buildings.txt line: 157
Current Scope: colony
Supported Scopes: planet
[01:34:49][localization_util.cpp:26]: Missing localization key [job_culture_worker_effect_desc] common/buildings/btr_empire_unique_buildings.txt:49
[01:34:49][trigger.cpp:635]: Wrong scope for trigger 'has_planet_flag' at  file: common/buildings/btr_empire_unique_buildings.txt line: 423
Current Scope: colony
Supported Scopes: planet
[01:34:49][trigger.cpp:635]: Wrong scope for trigger 'has_planet_flag' at  file: common/buildings/btr_planetarystations_buildings.txt line: 31
Current Scope: colony
Supported Scopes: planet
[01:34:49][trigger.cpp:635]: Wrong scope for trigger 'has_planet_flag' at  file: common/buildings/btr_planetarystations_buildings.txt line: 248
Current Scope: colony
Supported Scopes: planet
[01:34:49][trigger.cpp:635]: Wrong scope for trigger 'has_planet_flag' at  file: common/buildings/btr_planetarystations_buildings.txt line: 519
Current Scope: colony
Supported Scopes: planet
[01:34:49][trigger.cpp:635]: Wrong scope for trigger 'has_planet_flag' at  file: common/buildings/btr_planetarystations_buildings.txt line: 599
Current Scope: colony
Supported Scopes: planet
[01:34:49][trigger.cpp:635]: Wrong scope for trigger 'has_planet_flag' at  file: common/buildings/btr_planetarystations_buildings.txt line: 714
Current Scope: colony
Supported Scopes: planet
[01:34:49][trigger.cpp:635]: Wrong scope for trigger 'has_planet_flag' at  file: common/buildings/btr_planetarystations_buildings.txt line: 868
Current Scope: colony
Supported Scopes: planet
[01:34:49][trigger.cpp:635]: Wrong scope for trigger 'has_planet_flag' at  file: common/buildings/btr_planetarystations_buildings.txt line: 951
Current Scope: colony
Supported Scopes: planet
[01:34:49][trigger.cpp:635]: Wrong scope for trigger 'has_planet_flag' at  file: common/buildings/btr_planetarystations_buildings.txt line: 1051
Current Scope: colony
Supported Scopes: planet
[01:34:49][trigger.cpp:635]: Wrong scope for trigger 'has_planet_flag' at  file: common/buildings/btr_planetarystations_buildings.txt line: 1167
Current Scope: colony
Supported Scopes: planet
[01:34:49][trigger.cpp:635]: Wrong scope for trigger 'has_planet_flag' at  file: common/buildings/btr_planetarystations_buildings.txt line: 1210
Current Scope: colony
Supported Scopes: planet
[01:34:49][trigger.cpp:635]: Wrong scope for trigger 'has_planet_flag' at  file: common/zones/btr_planetarystations_zones.txt line: 5
Current Scope: colony
Supported Scopes: planet
[01:34:49][trigger.cpp:635]: Wrong scope for trigger 'has_planet_flag' at  file: common/zones/btr_planetarystations_zones.txt line: 51
Current Scope: colony
Supported Scopes: planet
[01:34:49][trigger.cpp:635]: Wrong scope for trigger 'has_planet_flag' at  file: common/zones/btr_planetarystations_zones.txt line: 60
Current Scope: colony
Supported Scopes: planet
[01:34:49][trigger.cpp:635]: Wrong scope for trigger 'has_planet_flag' at  file: common/zones/btr_planetarystations_zones.txt line: 74
Current Scope: colony
Supported Scopes: planet
[01:34:49][trigger.cpp:635]: Wrong scope for trigger 'has_planet_flag' at  file: common/zones/btr_planetarystations_zones.txt line: 134
Current Scope: colony
Supported Scopes: planet
[01:34:49][trigger.cpp:635]: Wrong scope for trigger 'has_planet_flag' at  file: common/zones/btr_planetarystations_zones.txt line: 209
Current Scope: colony
Supported Scopes: planet
[01:34:49][trigger.cpp:635]: Wrong scope for trigger 'has_planet_flag' at  file: common/zones/btr_planetarystations_zones.txt line: 282
Current Scope: colony
Supported Scopes: planet
[01:34:49][trigger.cpp:635]: Wrong scope for trigger 'has_planet_flag' at  file: common/zones/btr_planetarystations_zones.txt line: 346
Current Scope: colony
Supported Scopes: planet
[01:34:49][trigger.cpp:635]: Wrong scope for trigger 'has_planet_flag' at  file: common/zones/btr_planetarystations_zones.txt line: 417
Current Scope: colony
Supported Scopes: planet
[01:34:49][trigger.cpp:635]: Wrong scope for trigger 'has_planet_flag' at  file: common/zones/btr_planetarystations_zones.txt line: 505
Current Scope: colony
Supported Scopes: planet
[01:34:49][trigger.cpp:635]: Wrong scope for trigger 'has_planet_flag' at  file: common/zones/btr_planetarystations_zones.txt line: 575
Current Scope: colony
Supported Scopes: planet
[01:34:49][trigger.cpp:635]: Wrong scope for trigger 'has_planet_flag' at  file: common/zones/btr_planetarystations_zones.txt line: 662
Current Scope: colony
Supported Scopes: planet
[01:34:49][trigger.cpp:635]: Wrong scope for trigger 'has_planet_flag' at  file: common/zones/btr_planetarystations_zones.txt line: 730
Current Scope: colony
Supported Scopes: planet
[01:34:49][trigger.cpp:635]: Wrong scope for trigger 'has_planet_flag' at  file: common/zones/btr_planetarystations_zones.txt line: 792
Current Scope: colony
Supported Scopes: planet
[01:34:49][trigger.cpp:635]: Wrong scope for trigger 'has_planet_flag' at  file: common/zones/btr_planetarystations_zones.txt line: 854
Current Scope: colony
Supported Scopes: planet
[01:34:49][trigger.cpp:635]: Wrong scope for trigger 'has_planet_flag' at  file: common/zones/btr_planetarystations_zones.txt line: 916
Current Scope: colony
Supported Scopes: planet
[01:34:49][trigger.cpp:635]: Wrong scope for trigger 'has_planet_flag' at  file: common/zones/btr_planetarystations_zones.txt line: 984
Current Scope: colony
Supported Scopes: planet
[01:34:49][trigger.cpp:635]: Wrong scope for trigger 'has_planet_flag' at  file: common/zones/btr_planetarystations_zones.txt line: 1051
Current Scope: colony
Supported Scopes: planet
[01:34:49][trigger.cpp:635]: Wrong scope for trigger 'has_planet_flag' at  file: common/zones/btr_planetarystations_zones.txt line: 1124
Current Scope: colony
Supported Scopes: planet
[01:34:49][trigger.cpp:635]: Wrong scope for trigger 'has_planet_flag' at  file: common/zones/btr_planetarystations_zones.txt line: 1186
Current Scope: colony
Supported Scopes: planet
[01:34:49][trigger.cpp:635]: Wrong scope for trigger 'has_planet_flag' at  file: common/zones/btr_planetarystations_zones.txt line: 1254
Current Scope: colony
Supported Scopes: planet
[01:34:49][trigger.cpp:635]: Wrong scope for trigger 'has_planet_flag' at  file: common/zones/btr_planetarystations_zones.txt line: 1323
Current Scope: colony
Supported Scopes: planet
[01:34:49][persistent.cpp:41]: Error: "Unexpected token: inherits_capped_modifiers_from, near line: 692
" in file: "common/districts/02_rural_districts.txt" near line: 692
[01:34:49][persistent.cpp:41]: Error: "Unexpected token: is_capped_by_modifier, near line: 10
" in file: "common/districts/btr_planetarystations_districts.txt" near line: 10
[01:34:49][persistent.cpp:41]: Error: "Unexpected token: is_capped_by_modifier, near line: 88
" in file: "common/districts/btr_planetarystations_districts.txt" near line: 88
[01:34:49][persistent.cpp:41]: Error: "Unexpected token: is_capped_by_modifier, near line: 169
" in file: "common/districts/btr_planetarystations_districts.txt" near line: 169
[01:34:49][persistent.cpp:41]: Error: "Unexpected token: is_capped_by_modifier, near line: 227
" in file: "common/districts/btr_planetarystations_districts.txt" near line: 227
[01:34:49][persistent.cpp:41]: Error: "Unexpected token: is_capped_by_modifier, near line: 331
" in file: "common/districts/btr_planetarystations_districts.txt" near line: 331
[01:34:49][persistent.cpp:41]: Error: "Unexpected token: is_capped_by_modifier, near line: 427
" in file: "common/districts/btr_planetarystations_districts.txt" near line: 427
[01:34:49][persistent.cpp:41]: Error: "Unexpected token: is_capped_by_modifier, near line: 486
" in file: "common/districts/btr_planetarystations_districts.txt" near line: 486
[01:34:49][persistent.cpp:41]: Error: "Unexpected token: is_capped_by_modifier, near line: 551
" in file: "common/districts/btr_planetarystations_districts.txt" near line: 551
[01:34:49][persistent.cpp:41]: Error: "Unexpected token: is_capped_by_modifier, near line: 1710
" in file: "common/districts/btr_planetarystations_districts.txt" near line: 1710
[01:34:49][persistent.cpp:41]: Error: "Unexpected token: is_capped_by_modifier, near line: 1800
" in file: "common/districts/btr_planetarystations_districts.txt" near line: 1800
[01:34:49][persistent.cpp:41]: Error: "Unexpected token: is_capped_by_modifier, near line: 1890
" in file: "common/districts/btr_planetarystations_districts.txt" near line: 1890
[01:34:49][persistent.cpp:41]: Error: "Unexpected token: is_capped_by_modifier, near line: 2111
" in file: "common/districts/btr_planetarystations_districts.txt" near line: 2111
[01:34:49][persistent.cpp:41]: Error: "Unexpected token: is_capped_by_modifier, near line: 2167
" in file: "common/districts/btr_planetarystations_districts.txt" near line: 2167
[01:34:49][persistent.cpp:41]: Error: "Unexpected token: is_capped_by_modifier, near line: 2255
" in file: "common/districts/btr_planetarystations_districts.txt" near line: 2255
[01:34:49][persistent.cpp:41]: Error: "Unexpected token: is_capped_by_modifier, near line: 2327
" in file: "common/districts/btr_planetarystations_districts.txt" near line: 2327
[01:34:49][persistent.cpp:41]: Error: "Unexpected token: is_capped_by_modifier, near line: 2402
" in file: "common/districts/btr_planetarystations_districts.txt" near line: 2402
[01:34:49][persistent.cpp:41]: Error: "Unexpected token: is_capped_by_modifier, near line: 2504
" in file: "common/districts/btr_planetarystations_districts.txt" near line: 2504
[01:34:49][persistent.cpp:41]: Error: "Unexpected token: is_capped_by_modifier, near line: 2593
" in file: "common/districts/btr_planetarystations_districts.txt" near line: 2593
[01:34:49][persistent.cpp:41]: Error: "Unexpected token: is_capped_by_modifier, near line: 2682
" in file: "common/districts/btr_planetarystations_districts.txt" near line: 2682
[01:34:49][persistent.cpp:41]: Error: "Unexpected token: is_capped_by_modifier, near line: 2724
" in file: "common/districts/btr_planetarystations_districts.txt" near line: 2724
[01:34:49][persistent.cpp:41]: Error: "Unexpected token: is_capped_by_modifier, near line: 3115
" in file: "common/districts/btr_planetarystations_districts.txt" near line: 3115
[01:34:49][persistent.cpp:41]: Error: "Unexpected token: is_capped_by_modifier, near line: 3161
" in file: "common/districts/btr_planetarystations_districts.txt" near line: 3161
[01:34:49][persistent.cpp:41]: Error: "Unexpected token: is_capped_by_modifier, near line: 3202
" in file: "common/districts/btr_planetarystations_districts.txt" near line: 3202
[01:34:49][persistent.cpp:41]: Error: "Unexpected token: is_capped_by_modifier, near line: 3244
" in file: "common/districts/btr_planetarystations_districts.txt" near line: 3244
[01:34:49][persistent.cpp:41]: Error: "Unexpected token: is_capped_by_modifier, near line: 3289
" in file: "common/districts/btr_planetarystations_districts.txt" near line: 3289
[01:34:50][economic_unit_template.cpp:37]: Failed to read key reference starbase_waystations from database  file: common/ship_sizes/00_waystations.txt line: 21
[01:34:50][economic_unit_template.cpp:37]: Failed to read key reference starbase_waystations from database  file: common/ship_sizes/00_waystations.txt line: 101
[01:34:50][economic_unit_template.cpp:37]: Failed to read key reference starbase_waystations from database  file: common/ship_sizes/00_waystations.txt line: 213
[01:34:52][persistent.cpp:41]: Error: "Unexpected token: entropy_crystals, near line: 73
" in file: "common/ship_sizes/28_infernals_ships.txt" near line: 73
[01:34:52][persistent.cpp:41]: Error: "Unexpected token: entropy_crystals, near line: 77
" in file: "common/ship_sizes/28_infernals_ships.txt" near line: 77
[01:34:52][persistent.cpp:41]: Error: "Unexpected token: entropy_crystals, near line: 154
" in file: "common/ship_sizes/28_infernals_ships.txt" near line: 154
[01:34:52][persistent.cpp:41]: Error: "Unexpected token: entropy_crystals, near line: 158
" in file: "common/ship_sizes/28_infernals_ships.txt" near line: 158
[01:34:52][ship_size.cpp:1558]: Ship size 'paladin_ship' contains 'icon' entry that point to unknown sprite 'ship_size_paladin'.File 'common/ship_sizes/29_nomads_dlc_ships.txt', lines [4-97].
[01:34:52][economic_unit_template.cpp:37]: Failed to read key reference starbase_arkships from database  file: common/ship_sizes/29_nomads_dlc_ships.txt line: 207
[01:34:52][ship_size.cpp:1558]: Ship size 'civilian_arkship_tier_1' contains 'icon' entry that point to unknown sprite 'ship_size_civilian_arkship_tier_1'.File 'common/ship_sizes/29_nomads_dlc_ships.txt', lines [104-223].
[01:34:52][economic_unit_template.cpp:37]: Failed to read key reference starbase_arkships from database  file: common/ship_sizes/29_nomads_dlc_ships.txt line: 332
[01:34:52][ship_size.cpp:1558]: Ship size 'civilian_arkship_tier_2' contains 'icon' entry that point to unknown sprite 'ship_size_civilian_arkship_tier_2'.File 'common/ship_sizes/29_nomads_dlc_ships.txt', lines [225-352].
[01:34:52][economic_unit_template.cpp:37]: Failed to read key reference starbase_arkships from database  file: common/ship_sizes/29_nomads_dlc_ships.txt line: 464
[01:34:52][ship_size.cpp:1558]: Ship size 'civilian_arkship_tier_3' contains 'icon' entry that point to unknown sprite 'ship_size_civilian_arkship_tier_3'.File 'common/ship_sizes/29_nomads_dlc_ships.txt', lines [354-484].
[01:34:52][economic_unit_template.cpp:37]: Failed to read key reference starbase_arkships from database  file: common/ship_sizes/29_nomads_dlc_ships.txt line: 592
[01:34:52][ship_size.cpp:1558]: Ship size 'science_arkship_tier_1' contains 'icon' entry that point to unknown sprite 'ship_size_science_arkship_tier_1'.File 'common/ship_sizes/29_nomads_dlc_ships.txt', lines [486-608].
[01:34:52][economic_unit_template.cpp:37]: Failed to read key reference starbase_arkships from database  file: common/ship_sizes/29_nomads_dlc_ships.txt line: 719
[01:34:52][ship_size.cpp:1558]: Ship size 'science_arkship_tier_2' contains 'icon' entry that point to unknown sprite 'ship_size_science_arkship_tier_2'.File 'common/ship_sizes/29_nomads_dlc_ships.txt', lines [610-739].
[01:34:52][economic_unit_template.cpp:37]: Failed to read key reference starbase_arkships from database  file: common/ship_sizes/29_nomads_dlc_ships.txt line: 853
[01:34:52][ship_size.cpp:1558]: Ship size 'science_arkship_tier_3' contains 'icon' entry that point to unknown sprite 'ship_size_science_arkship_tier_3'.File 'common/ship_sizes/29_nomads_dlc_ships.txt', lines [741-873].
[01:34:52][economic_unit_template.cpp:37]: Failed to read key reference starbase_arkships from database  file: common/ship_sizes/29_nomads_dlc_ships.txt line: 980
[01:34:52][ship_size.cpp:1558]: Ship size 'military_arkship_tier_1' contains 'icon' entry that point to unknown sprite 'ship_size_military_arkship_tier_1'.File 'common/ship_sizes/29_nomads_dlc_ships.txt', lines [875-996].
[01:34:52][economic_unit_template.cpp:37]: Failed to read key reference starbase_arkships from database  file: common/ship_sizes/29_nomads_dlc_ships.txt line: 1106
[01:34:52][ship_size.cpp:1558]: Ship size 'military_arkship_tier_2' contains 'icon' entry that point to unknown sprite 'ship_size_military_arkship_tier_2'.File 'common/ship_sizes/29_nomads_dlc_ships.txt', lines [998-1126].
[01:34:52][economic_unit_template.cpp:37]: Failed to read key reference starbase_arkships from database  file: common/ship_sizes/29_nomads_dlc_ships.txt line: 1239
[01:34:52][ship_size.cpp:1558]: Ship size 'military_arkship_tier_3' contains 'icon' entry that point to unknown sprite 'ship_size_military_arkship_tier_3'.File 'common/ship_sizes/29_nomads_dlc_ships.txt', lines [1128-1259].
[01:34:52][ship_size.cpp:1558]: Ship size 'military_arkship_champions_forge' contains 'icon' entry that point to unknown sprite 'ship_size_military_arkship_tier_3'.File 'common/ship_sizes/29_nomads_dlc_ships.txt', lines [1261-1343].
[01:34:52][ship_size.cpp:710]: Missing ship size Localization Key: starbase_outpost_quarian
[01:34:52][ship_size.cpp:710]: Missing ship size Localization Key: starbase_outpost_quarian_plural
[01:34:52][ship_size.cpp:784]: Could not find any entity by the name "spectre_vessel_entity".
[01:34:53][ship_size.cpp:710]: Missing ship size Localization Key: planet_state_station
[01:34:53][ship_size.cpp:710]: Missing ship size Localization Key: planet_state_station_plural
[01:34:53][persistent.cpp:41]: Error: "Unexpected token: host_has_dlc, near line: 301
" in file: "common/species_classes/btr_species_classes.txt" near line: 301
[01:34:53][persistent.cpp:41]: Error: "Unexpected token: host_has_dlc, near line: 319
" in file: "common/species_classes/btr_species_classes.txt" near line: 319
[01:34:53][ai_budget_entry.cpp:43]: Unknown category type megastructures_waystations for budget entry influence_expenditure_megastructures_waystations
[01:34:53][ai_budget_entry.cpp:47]: AI budget entry influence_expenditure_megastructures_waystations for category megastructures_waystations is unused for AI budgets as that category lacks use_for_ai_budget
[01:34:53][ai_budget_entry.cpp:43]: Unknown category type megastructures_arkships for budget entry influence_expenditure_megastructures_arkships
[01:34:53][ai_budget_entry.cpp:47]: AI budget entry influence_expenditure_megastructures_arkships for category megastructures_arkships is unused for AI budgets as that category lacks use_for_ai_budget
[01:34:53][persistent.cpp:41]: Error: "Unexpected token: name, near line: 7499
" in file: "common/star_classes/00_star_classes.txt" near line: 7499
[01:34:53][persistent.cpp:41]: Error: "Unexpected token: stars, near line: 7500
" in file: "common/star_classes/00_star_classes.txt" near line: 7583
[01:34:53][game_singleobjectdatabase.h:170]: Object with key: random_list already exists, using the one at  file: common/star_classes/00_star_classes.txt line: 7586
[01:34:53][persistent.cpp:41]: Error: "Unexpected token: name, near line: 7587
" in file: "common/star_classes/00_star_classes.txt" near line: 7587
[01:34:53][persistent.cpp:41]: Error: "Unexpected token: stars, near line: 7588
" in file: "common/star_classes/00_star_classes.txt" near line: 7660
[01:34:53][game_singleobjectdatabase.h:170]: Object with key: random_list already exists, using the one at  file: common/star_classes/00_star_classes.txt line: 7663
[01:34:53][persistent.cpp:41]: Error: "Unexpected token: name, near line: 7664
" in file: "common/star_classes/00_star_classes.txt" near line: 7664
[01:34:53][persistent.cpp:41]: Error: "Unexpected token: stars, near line: 7665
" in file: "common/star_classes/00_star_classes.txt" near line: 7676
[01:34:53][game_singleobjectdatabase.h:170]: Object with key: random_list already exists, using the one at  file: common/star_classes/00_star_classes.txt line: 7679
[01:34:53][persistent.cpp:41]: Error: "Unexpected token: name, near line: 7680
" in file: "common/star_classes/00_star_classes.txt" near line: 7680
[01:34:53][persistent.cpp:41]: Error: "Unexpected token: stars, near line: 7681
" in file: "common/star_classes/00_star_classes.txt" near line: 7701
[01:34:53][game_singleobjectdatabase.h:170]: Object with key: random_list already exists, using the one at  file: common/star_classes/00_star_classes.txt line: 7704
[01:34:53][persistent.cpp:41]: Error: "Unexpected token: name, near line: 7705
" in file: "common/star_classes/00_star_classes.txt" near line: 7705
[01:34:53][persistent.cpp:41]: Error: "Unexpected token: stars, near line: 7706
" in file: "common/star_classes/00_star_classes.txt" near line: 7714
[01:34:53][game_singleobjectdatabase.h:170]: Object with key: random_list already exists, using the one at  file: common/star_classes/00_star_classes.txt line: 7717
[01:34:53][persistent.cpp:41]: Error: "Unexpected token: name, near line: 7718
" in file: "common/star_classes/00_star_classes.txt" near line: 7718
[01:34:53][persistent.cpp:41]: Error: "Unexpected token: stars, near line: 7719
" in file: "common/star_classes/00_star_classes.txt" near line: 7724
[01:34:53][game_singleobjectdatabase.h:170]: Object with key: random_list already exists, using the one at  file: common/star_classes/00_star_classes.txt line: 7727
[01:34:53][persistent.cpp:41]: Error: "Unexpected token: name, near line: 7728
" in file: "common/star_classes/00_star_classes.txt" near line: 7728
[01:34:53][persistent.cpp:41]: Error: "Unexpected token: stars, near line: 7729
" in file: "common/star_classes/00_star_classes.txt" near line: 7736
[01:34:53][game_singleobjectdatabase.h:170]: Object with key: random_list already exists, using the one at  file: common/star_classes/00_star_classes.txt line: 7739
[01:34:53][persistent.cpp:41]: Error: "Unexpected token: name, near line: 7740
" in file: "common/star_classes/00_star_classes.txt" near line: 7740
[01:34:53][persistent.cpp:41]: Error: "Unexpected token: stars, near line: 7741
" in file: "common/star_classes/00_star_classes.txt" near line: 7747
[01:34:53][game_singleobjectdatabase.h:170]: Object with key: random_list already exists, using the one at  file: common/star_classes/00_star_classes.txt line: 7750
[01:34:53][persistent.cpp:41]: Error: "Unexpected token: name, near line: 7751
" in file: "common/star_classes/00_star_classes.txt" near line: 7751
[01:34:53][persistent.cpp:41]: Error: "Unexpected token: stars, near line: 7752
" in file: "common/star_classes/00_star_classes.txt" near line: 7760
[01:34:53][game_singleobjectdatabase.h:170]: Object with key: random_list already exists, using the one at  file: common/star_classes/00_star_classes.txt line: 7763
[01:34:53][persistent.cpp:41]: Error: "Unexpected token: name, near line: 7764
" in file: "common/star_classes/00_star_classes.txt" near line: 7764
[01:34:53][persistent.cpp:41]: Error: "Unexpected token: stars, near line: 7765
" in file: "common/star_classes/00_star_classes.txt" near line: 7772
[01:34:53][game_singleobjectdatabase.h:170]: Object with key: random_list already exists, using the one at  file: common/star_classes/00_star_classes.txt line: 7775
[01:34:53][persistent.cpp:41]: Error: "Unexpected token: name, near line: 7776
" in file: "common/star_classes/00_star_classes.txt" near line: 7776
[01:34:53][persistent.cpp:41]: Error: "Unexpected token: stars, near line: 7777
" in file: "common/star_classes/00_star_classes.txt" near line: 7784
[01:34:53][game_singleobjectdatabase.h:170]: Object with key: random_list already exists, using the one at  file: common/star_classes/00_star_classes.txt line: 7787
[01:34:53][persistent.cpp:41]: Error: "Unexpected token: name, near line: 7788
" in file: "common/star_classes/00_star_classes.txt" near line: 7788
[01:34:53][persistent.cpp:41]: Error: "Unexpected token: stars, near line: 7789
" in file: "common/star_classes/00_star_classes.txt" near line: 7793
[01:34:53][game_singleobjectdatabase.h:170]: Object with key: random_list already exists, using the one at  file: common/star_classes/00_star_classes.txt line: 7796
[01:34:53][persistent.cpp:41]: Error: "Unexpected token: name, near line: 7797
" in file: "common/star_classes/00_star_classes.txt" near line: 7797
[01:34:53][persistent.cpp:41]: Error: "Unexpected token: stars, near line: 7798
" in file: "common/star_classes/00_star_classes.txt" near line: 7821
[01:34:53][game_singleobjectdatabase.h:170]: Object with key: random_list already exists, using the one at  file: common/star_classes/00_star_classes.txt line: 7824
[01:34:53][persistent.cpp:41]: Error: "Unexpected token: name, near line: 7825
" in file: "common/star_classes/00_star_classes.txt" near line: 7825
[01:34:53][persistent.cpp:41]: Error: "Unexpected token: stars, near line: 7826
" in file: "common/star_classes/00_star_classes.txt" near line: 7872
[01:34:53][game_singleobjectdatabase.h:170]: Object with key: random_list already exists, using the one at  file: common/star_classes/00_star_classes.txt line: 7875
[01:34:53][persistent.cpp:41]: Error: "Unexpected token: name, near line: 7876
" in file: "common/star_classes/00_star_classes.txt" near line: 7876
[01:34:53][persistent.cpp:41]: Error: "Unexpected token: stars, near line: 7877
" in file: "common/star_classes/00_star_classes.txt" near line: 7923
[01:34:53][game_singleobjectdatabase.h:170]: Object with key: random_list already exists, using the one at  file: common/star_classes/00_star_classes.txt line: 7926
[01:34:53][persistent.cpp:41]: Error: "Unexpected token: name, near line: 7927
" in file: "common/star_classes/00_star_classes.txt" near line: 7927
[01:34:53][persistent.cpp:41]: Error: "Unexpected token: stars, near line: 7928
" in file: "common/star_classes/00_star_classes.txt" near line: 7933
[01:34:53][game_singleobjectdatabase.h:170]: Object with key: random_list already exists, using the one at  file: common/star_classes/00_star_classes.txt line: 7936
[01:34:53][persistent.cpp:41]: Error: "Unexpected token: name, near line: 7937
" in file: "common/star_classes/00_star_classes.txt" near line: 7937
[01:34:53][persistent.cpp:41]: Error: "Unexpected token: stars, near line: 7938
" in file: "common/star_classes/00_star_classes.txt" near line: 7942
[01:34:53][game_singleobjectdatabase.h:170]: Object with key: random_list already exists, using the one at  file: common/star_classes/00_star_classes.txt line: 7945
[01:34:53][persistent.cpp:41]: Error: "Unexpected token: name, near line: 7946
" in file: "common/star_classes/00_star_classes.txt" near line: 7946
[01:34:53][persistent.cpp:41]: Error: "Unexpected token: stars, near line: 7947
" in file: "common/star_classes/00_star_classes.txt" near line: 7950
[01:34:53][game_singleobjectdatabase.h:170]: Object with key: random_list already exists, using the one at  file: common/star_classes/00_star_classes.txt line: 7953
[01:34:53][persistent.cpp:41]: Error: "Unexpected token: name, near line: 7954
" in file: "common/star_classes/00_star_classes.txt" near line: 7954
[01:34:53][persistent.cpp:41]: Error: "Unexpected token: stars, near line: 7955
" in file: "common/star_classes/00_star_classes.txt" near line: 7958
[01:34:53][game_singleobjectdatabase.h:170]: Object with key: random_list already exists, using the one at  file: common/star_classes/00_star_classes.txt line: 7961
[01:34:53][persistent.cpp:41]: Error: "Unexpected token: name, near line: 7962
" in file: "common/star_classes/00_star_classes.txt" near line: 7962
[01:34:53][persistent.cpp:41]: Error: "Unexpected token: stars, near line: 7963
" in file: "common/star_classes/00_star_classes.txt" near line: 7966
[01:34:53][game_singleobjectdatabase.h:170]: Object with key: random_list already exists, using the one at  file: common/star_classes/00_star_classes.txt line: 7969
[01:34:53][persistent.cpp:41]: Error: "Unexpected token: name, near line: 7970
" in file: "common/star_classes/00_star_classes.txt" near line: 7970
[01:34:53][persistent.cpp:41]: Error: "Unexpected token: stars, near line: 7971
" in file: "common/star_classes/00_star_classes.txt" near line: 7973
[01:34:53][game_singleobjectdatabase.h:170]: Object with key: random_list already exists, using the one at  file: common/star_classes/00_star_classes.txt line: 7976
[01:34:53][persistent.cpp:41]: Error: "Unexpected token: name, near line: 7977
" in file: "common/star_classes/00_star_classes.txt" near line: 7977
[01:34:53][persistent.cpp:41]: Error: "Unexpected token: stars, near line: 7978
" in file: "common/star_classes/00_star_classes.txt" near line: 7980
[01:34:53][game_singleobjectdatabase.h:170]: Object with key: random_list already exists, using the one at  file: common/star_classes/00_star_classes.txt line: 7984
[01:34:53][persistent.cpp:41]: Error: "Unexpected token: name, near line: 7985
" in file: "common/star_classes/00_star_classes.txt" near line: 7985
[01:34:53][persistent.cpp:41]: Error: "Unexpected token: stars, near line: 7986
" in file: "common/star_classes/00_star_classes.txt" near line: 8023
[01:34:53][namelist.cpp:43]: Sequential name ASARI_FLEET is not localized!
[01:34:53][namelist.cpp:43]: Sequential name SALARIAN_FLEET is not localized!
[01:34:53][namelist.cpp:43]: Sequential name ALLIANCE_FLEET is not localized!
[01:34:53][namelist.cpp:43]: Sequential name KROGAN_Clan is not localized!
[01:34:53][namelist.cpp:43]: Sequential name KROGAN_Berserker is not localized!
[01:34:53][namelist.cpp:43]: Sequential name KROGAN_Bondservants is not localized!
[01:34:53][namelist.cpp:43]: Sequential name KROGAN_Battlemaster is not localized!
[01:34:53][namelist.cpp:43]: Sequential name VOLUS_Flotilla is not localized!
[01:34:53][namelist.cpp:43]: Sequential name LYSTHENI_FLEET is not localized!
[01:34:53][namelist.cpp:43]: Sequential name YAHG_FLEET is not localized!
[01:34:53][namelist.cpp:43]: Sequential name COLLECTORS_Aggressors is not localized!
[01:34:53][namelist.cpp:43]: Sequential name CERBERUS_Fleet is not localized!
[01:34:53][namelist.cpp:43]: Sequential name  is not localized!
[01:34:53][persistent.cpp:41]: Error: "Unexpected token: custom_demotion_loc, near line: 126
" in file: "common/pop_categories/02_other_categories.txt" near line: 126
[01:34:53][persistent.cpp:41]: Error: "Unexpected token: custom_demotion_icon, near line: 127
" in file: "common/pop_categories/02_other_categories.txt" near line: 127
[01:34:53][persistent.cpp:41]: Error: "Unexpected token: custom_demotion_loc, near line: 178
" in file: "common/pop_categories/02_other_categories.txt" near line: 178
[01:34:53][persistent.cpp:41]: Error: "Unexpected token: custom_demotion_icon, near line: 179
" in file: "common/pop_categories/02_other_categories.txt" near line: 179
[01:34:53][economic_unit_template.cpp:37]: Failed to read key reference pop_category_slave from database  file: common/pop_categories/02_other_categories.txt line: 216
[01:34:53][persistent.cpp:41]: Error: "Unexpected token: custom_demotion_loc, near line: 243
" in file: "common/pop_categories/02_other_categories.txt" near line: 243
[01:34:53][persistent.cpp:41]: Error: "Unexpected token: custom_demotion_icon, near line: 244
" in file: "common/pop_categories/02_other_categories.txt" near line: 244
[01:34:53][persistent.cpp:41]: Error: "Unexpected token: custom_promotion_loc, near line: 245
" in file: "common/pop_categories/02_other_categories.txt" near line: 245
[01:34:53][persistent.cpp:41]: Error: "Unexpected token: custom_promotion_icon, near line: 246
" in file: "common/pop_categories/02_other_categories.txt" near line: 246
[01:34:53][economic_unit_template.cpp:37]: Failed to read key reference pop_category_slave from database  file: common/pop_categories/02_other_categories.txt line: 272
[01:34:53][persistent.cpp:41]: Error: "Unexpected token: custom_demotion_loc, near line: 298
" in file: "common/pop_categories/02_other_categories.txt" near line: 298
[01:34:53][persistent.cpp:41]: Error: "Unexpected token: custom_demotion_icon, near line: 299
" in file: "common/pop_categories/02_other_categories.txt" near line: 299
[01:34:53][persistent.cpp:41]: Error: "Unexpected token: custom_promotion_loc, near line: 300
" in file: "common/pop_categories/02_other_categories.txt" near line: 300
[01:34:53][persistent.cpp:41]: Error: "Unexpected token: custom_promotion_icon, near line: 301
" in file: "common/pop_categories/02_other_categories.txt" near line: 301
[01:34:53][economic_unit_template.cpp:37]: Failed to read key reference pop_category_slave from database  file: common/pop_categories/02_other_categories.txt line: 323
[01:34:53][persistent.cpp:41]: Error: "Unexpected token: custom_demotion_loc, near line: 398
" in file: "common/pop_categories/02_other_categories.txt" near line: 398
[01:34:53][persistent.cpp:41]: Error: "Unexpected token: custom_demotion_icon, near line: 399
" in file: "common/pop_categories/02_other_categories.txt" near line: 399
[01:34:53][persistent.cpp:41]: Error: "Unexpected token: custom_demotion_loc, near line: 714
" in file: "common/pop_categories/02_other_categories.txt" near line: 714
[01:34:53][persistent.cpp:41]: Error: "Unexpected token: custom_demotion_icon, near line: 715
" in file: "common/pop_categories/02_other_categories.txt" near line: 715
[01:34:53][economic_unit_template.cpp:37]: Failed to read key reference pop_category_slave from database  file: common/pop_categories/02_other_categories.txt line: 740
[01:34:53][job_type.cpp:31]: Missing job Localization Key: job_slave_processing
[01:34:53][job_type.cpp:31]: Missing job Localization Key: job_slave_processing_desc
[01:34:53][persistent.cpp:41]: Error: "Unexpected token: demotion, near line: 123
" in file: "common/pop_jobs/00_other_jobs.txt" near line: 131
[01:34:53][job_type.cpp:31]: Missing job Localization Key: job_heart_processing
[01:34:53][job_type.cpp:31]: Missing job Localization Key: job_heart_processing_desc
[01:34:53][persistent.cpp:41]: Error: "Unexpected token: demotion, near line: 170
" in file: "common/pop_jobs/00_other_jobs.txt" near line: 178
[01:34:53][job_type.cpp:31]: Missing job Localization Key: job_slave_unprocessing
[01:34:53][job_type.cpp:31]: Missing job Localization Key: job_slave_unprocessing_desc
[01:34:53][persistent.cpp:41]: Error: "Unexpected token: demotion, near line: 204
" in file: "common/pop_jobs/00_other_jobs.txt" near line: 212
[01:34:53][job_type.cpp:31]: Missing job Localization Key: job_presapient_unprocessing
[01:34:53][job_type.cpp:31]: Missing job Localization Key: job_presapient_unprocessing_desc
[01:34:53][persistent.cpp:41]: Error: "Unexpected token: demotion, near line: 238
" in file: "common/pop_jobs/00_other_jobs.txt" near line: 246
[01:34:53][persistent.cpp:41]: Error: "Unexpected token: promotion, near line: 701
" in file: "common/pop_jobs/00_other_jobs.txt" near line: 709
[01:34:53][job_type.cpp:31]: Missing job Localization Key: job_bio_trophy_processing
[01:34:53][job_type.cpp:31]: Missing job Localization Key: job_bio_trophy_processing_desc
[01:34:53][persistent.cpp:41]: Error: "Unexpected token: promotion, near line: 741
" in file: "common/pop_jobs/00_other_jobs.txt" near line: 751
[01:34:53][persistent.cpp:41]: Error: "Unexpected token: demotion, near line: 753
" in file: "common/pop_jobs/00_other_jobs.txt" near line: 763
[01:34:53][job_type.cpp:31]: Missing job Localization Key: job_bio_trophy_unprocessing
[01:34:53][job_type.cpp:31]: Missing job Localization Key: job_bio_trophy_unprocessing_desc
[01:34:53][persistent.cpp:41]: Error: "Unexpected token: demotion, near line: 796
" in file: "common/pop_jobs/00_other_jobs.txt" near line: 804
[01:34:53][persistent.cpp:41]: Error: "Unexpected token: demotion, near line: 833
" in file: "common/pop_jobs/00_other_jobs.txt" near line: 841
[01:34:53][job_type.cpp:31]: Missing job Localization Key: job_purge_unprocessing
[01:34:53][job_type.cpp:31]: Missing job Localization Key: job_purge_unprocessing_desc
[01:34:53][persistent.cpp:41]: Error: "Unexpected token: demotion, near line: 923
" in file: "common/pop_jobs/00_other_jobs.txt" near line: 931
[01:34:53][persistent.cpp:41]: Error: "Unexpected token: demotion, near line: 962
" in file: "common/pop_jobs/00_other_jobs.txt" near line: 970
[01:34:53][persistent.cpp:41]: Error: "Unexpected token: demotion, near line: 1462
" in file: "common/pop_jobs/00_other_jobs.txt" near line: 1470
[01:34:53][persistent.cpp:41]: Error: "Unexpected token: demotion, near line: 1553
" in file: "common/pop_jobs/00_other_jobs.txt" near line: 1561
[01:34:53][persistent.cpp:41]: Error: "Unexpected token: demotion, near line: 1644
" in file: "common/pop_jobs/00_other_jobs.txt" near line: 1652
[01:34:53][persistent.cpp:41]: Error: "Unexpected token: demotion, near line: 1757
" in file: "common/pop_jobs/00_other_jobs.txt" near line: 1765
[01:34:53][persistent.cpp:41]: Error: "Unexpected token: demotion, near line: 1876
" in file: "common/pop_jobs/00_other_jobs.txt" near line: 1884
[01:34:53][persistent.cpp:41]: Error: "Unexpected token: demotion, near line: 2006
" in file: "common/pop_jobs/00_other_jobs.txt" near line: 2014
[01:34:53][persistent.cpp:41]: Error: "Unexpected token: demotion, near line: 2121
" in file: "common/pop_jobs/00_other_jobs.txt" near line: 2129
[01:34:53][persistent.cpp:41]: Error: "Unexpected token: demotion, near line: 2244
" in file: "common/pop_jobs/00_other_jobs.txt" near line: 2252
[01:34:53][persistent.cpp:41]: Error: "Unexpected token: demotion, near line: 2356
" in file: "common/pop_jobs/00_other_jobs.txt" near line: 2364
[01:34:53][job_type.cpp:31]: Missing job Localization Key: job_presapient_processing
[01:34:53][job_type.cpp:31]: Missing job Localization Key: job_presapient_processing_desc
[01:34:53][persistent.cpp:41]: Error: "Unexpected token: demotion, near line: 2413
" in file: "common/pop_jobs/00_other_jobs.txt" near line: 2421
[01:34:53][job_type.cpp:31]: Missing job Localization Key: job_robot_servant_processing
[01:34:53][job_type.cpp:31]: Missing job Localization Key: job_robot_servant_processing_desc
[01:34:53][persistent.cpp:41]: Error: "Unexpected token: demotion, near line: 2454
" in file: "common/pop_jobs/00_other_jobs.txt" near line: 2462
[01:34:53][job_type.cpp:31]: Missing job Localization Key: job_robot_servant_unprocessing
[01:34:53][job_type.cpp:31]: Missing job Localization Key: job_robot_servant_unprocessing_desc
[01:34:53][persistent.cpp:41]: Error: "Unexpected token: demotion, near line: 2496
" in file: "common/pop_jobs/00_other_jobs.txt" near line: 2504
[01:34:53][parser_util.h:70]: Failed to read key reference 'psionic_aura' from database 'class CJobTagDatabase' at ' file: common/pop_jobs/01_ruler_jobs.txt line: 215'
[01:34:53][persistent.cpp:41]: Error: "Unexpected token: promotion, near line: 429
" in file: "common/pop_jobs/01_ruler_jobs.txt" near line: 437
[01:34:53][persistent.cpp:41]: Error: "Unexpected token: promotion, near line: 518
" in file: "common/pop_jobs/01_ruler_jobs.txt" near line: 526
[01:34:53][persistent.cpp:41]: Error: "Unexpected token: promotion, near line: 629
" in file: "common/pop_jobs/01_ruler_jobs.txt" near line: 637
[01:34:53][parser_util.h:70]: Failed to read key reference 'psionic_aura' from database 'class CJobTagDatabase' at ' file: common/pop_jobs/01_ruler_jobs.txt:663(inline_script) common/inline_scripts/jobs/job_telepath.txt line: 8'
[01:34:54][persistent.cpp:41]: Error: "Unexpected token: promotion, near line: 682
" in file: "common/pop_jobs/01_ruler_jobs.txt" near line: 690
[01:34:54][persistent.cpp:41]: Error: "Unexpected token: promotion, near line: 243
" in file: "common/pop_jobs/02_specialist_jobs.txt" near line: 251
[01:34:54][persistent.cpp:41]: Error: "Unexpected token: promotion, near line: 427
" in file: "common/pop_jobs/02_specialist_jobs.txt" near line: 435
[01:34:54][persistent.cpp:41]: Error: "Unexpected token: promotion, near line: 560
" in file: "common/pop_jobs/02_specialist_jobs.txt" near line: 568
[01:34:54][parser_util.h:70]: Failed to read key reference 'psionic_aura' from database 'class CJobTagDatabase' at ' file: common/pop_jobs/02_specialist_jobs.txt line: 857'
[01:34:54][economic_unit_template.cpp:37]: Failed to read key reference planet_administrators from database  file: common/pop_jobs/02_specialist_jobs.txt line: 873
[01:34:54][persistent.cpp:41]: Error: "Unexpected token: promotion, near line: 1308
" in file: "common/pop_jobs/02_specialist_jobs.txt" near line: 1316
[01:34:54][persistent.cpp:41]: Error: "Unexpected token: promotion, near line: 1418
" in file: "common/pop_jobs/02_specialist_jobs.txt" near line: 1426
[01:34:54][parser_util.h:70]: Failed to read key reference 'psionic_aura' from database 'class CJobTagDatabase' at ' file: common/pop_jobs/02_specialist_jobs.txt:1466(inline_script) common/inline_scripts/jobs/job_telepath.txt line: 8'
[01:34:54][persistent.cpp:41]: Error: "Unexpected token: promotion, near line: 1718
" in file: "common/pop_jobs/02_specialist_jobs.txt" near line: 1726
[01:34:54][persistent.cpp:41]: Error: "Unexpected token: promotion, near line: 1835
" in file: "common/pop_jobs/02_specialist_jobs.txt" near line: 1843
[01:34:54][persistent.cpp:41]: Error: "Unexpected token: promotion, near line: 1928
" in file: "common/pop_jobs/02_specialist_jobs.txt" near line: 1936
[01:34:54][persistent.cpp:41]: Error: "Unexpected token: promotion, near line: 2022
" in file: "common/pop_jobs/02_specialist_jobs.txt" near line: 2030
[01:34:54][persistent.cpp:41]: Error: "Unexpected token: promotion, near line: 2234
" in file: "common/pop_jobs/02_specialist_jobs.txt" near line: 2242
[01:34:54][persistent.cpp:41]: Error: "Unexpected token: promotion, near line: 2367
" in file: "common/pop_jobs/02_specialist_jobs.txt" near line: 2375
[01:34:54][persistent.cpp:41]: Error: "Unexpected token: promotion, near line: 2521
" in file: "common/pop_jobs/02_specialist_jobs.txt" near line: 2529
[01:34:54][persistent.cpp:41]: Error: "Unexpected token: promotion, near line: 2623
" in file: "common/pop_jobs/02_specialist_jobs.txt" near line: 2631
[01:34:54][persistent.cpp:41]: Error: "Unexpected token: promotion, near line: 2755
" in file: "common/pop_jobs/02_specialist_jobs.txt" near line: 2763
[01:34:54][persistent.cpp:41]: Error: "Unexpected token: promotion, near line: 2841
" in file: "common/pop_jobs/02_specialist_jobs.txt" near line: 2849
[01:34:54][persistent.cpp:41]: Error: "Unexpected token: promotion, near line: 2874
" in file: "common/pop_jobs/02_specialist_jobs.txt" near line: 2882
[01:34:54][persistent.cpp:41]: Error: "Unexpected token: promotion, near line: 3101
" in file: "common/pop_jobs/02_specialist_jobs.txt" near line: 3109
[01:34:54][persistent.cpp:41]: Error: "Unexpected token: promotion, near line: 3189
" in file: "common/pop_jobs/02_specialist_jobs.txt" near line: 3197
[01:34:54][persistent.cpp:41]: Error: "Unexpected token: promotion, near line: 3397
" in file: "common/pop_jobs/02_specialist_jobs.txt" near line: 3405
[01:34:54][persistent.cpp:41]: Error: "Unexpected token: promotion, near line: 3431
" in file: "common/pop_jobs/02_specialist_jobs.txt" near line: 3439
[01:34:54][persistent.cpp:41]: Error: "Unexpected token: promotion, near line: 3522
" in file: "common/pop_jobs/02_specialist_jobs.txt" near line: 3530
[01:34:54][persistent.cpp:41]: Error: "Unexpected token: promotion, near line: 3609
" in file: "common/pop_jobs/02_specialist_jobs.txt" near line: 3617
[01:34:54][persistent.cpp:41]: Error: "Unexpected token: promotion, near line: 3778
" in file: "common/pop_jobs/02_specialist_jobs.txt" near line: 3786
[01:34:54][persistent.cpp:41]: Error: "Unexpected token: promotion, near line: 3897
" in file: "common/pop_jobs/02_specialist_jobs.txt" near line: 3905
[01:34:54][persistent.cpp:41]: Error: "Unexpected token: promotion, near line: 108
" in file: "common/pop_jobs/03_worker_jobs.txt" near line: 116
[01:34:54][persistent.cpp:41]: Error: "Unexpected token: promotion, near line: 248
" in file: "common/pop_jobs/03_worker_jobs.txt" near line: 256
[01:34:54][persistent.cpp:41]: Error: "Unexpected token: promotion, near line: 488
" in file: "common/pop_jobs/03_worker_jobs.txt" near line: 496
[01:34:54][persistent.cpp:41]: Error: "Unexpected token: promotion, near line: 759
" in file: "common/pop_jobs/03_worker_jobs.txt" near line: 767
[01:34:54][economic_unit_template.cpp:37]: Failed to read key reference planet_administrators from database  file: common/pop_jobs/03_worker_jobs.txt line: 801
[01:34:54][persistent.cpp:41]: Error: "Unexpected token: promotion, near line: 838
" in file: "common/pop_jobs/03_worker_jobs.txt" near line: 846
[01:34:54][persistent.cpp:41]: Error: "Unexpected token: promotion, near line: 1024
" in file: "common/pop_jobs/03_worker_jobs.txt" near line: 1032
[01:34:54][persistent.cpp:41]: Error: "Unexpected token: promotion, near line: 1111
" in file: "common/pop_jobs/03_worker_jobs.txt" near line: 1119
[01:34:54][persistent.cpp:41]: Error: "Unexpected token: promotion, near line: 1202
" in file: "common/pop_jobs/03_worker_jobs.txt" near line: 1210
[01:34:54][persistent.cpp:41]: Error: "Unexpected token: promotion, near line: 1312
" in file: "common/pop_jobs/03_worker_jobs.txt" near line: 1320
[01:34:54][persistent.cpp:41]: Error: "Unexpected token: promotion, near line: 1406
" in file: "common/pop_jobs/03_worker_jobs.txt" near line: 1414
[01:34:54][persistent.cpp:41]: Error: "Unexpected token: promotion, near line: 240
" in file: "common/pop_jobs/04_gestalt_jobs.txt" near line: 248
[01:34:54][persistent.cpp:41]: Error: "Unexpected token: promotion, near line: 329
" in file: "common/pop_jobs/04_gestalt_jobs.txt" near line: 337
[01:34:54][persistent.cpp:41]: Error: "Unexpected token: promotion, near line: 445
" in file: "common/pop_jobs/04_gestalt_jobs.txt" near line: 453
[01:34:54][persistent.cpp:41]: Error: "Unexpected token: promotion, near line: 516
" in file: "common/pop_jobs/04_gestalt_jobs.txt" near line: 524
[01:34:54][economic_unit_template.cpp:37]: Failed to read key reference planet_administrators from database  file: common/pop_jobs/04_gestalt_jobs.txt line: 599
[01:34:54][persistent.cpp:41]: Error: "Unexpected token: promotion, near line: 707
" in file: "common/pop_jobs/04_gestalt_jobs.txt" near line: 715
[01:34:54][persistent.cpp:41]: Error: "Unexpected token: promotion, near line: 1032
" in file: "common/pop_jobs/04_gestalt_jobs.txt" near line: 1040
[01:34:54][persistent.cpp:41]: Error: "Unexpected token: promotion, near line: 1263
" in file: "common/pop_jobs/04_gestalt_jobs.txt" near line: 1271
[01:34:54][persistent.cpp:41]: Error: "Unexpected token: promotion, near line: 1467
" in file: "common/pop_jobs/04_gestalt_jobs.txt" near line: 1475
[01:34:54][persistent.cpp:41]: Error: "Unexpected token: promotion, near line: 1583
" in file: "common/pop_jobs/04_gestalt_jobs.txt" near line: 1591
[01:34:54][persistent.cpp:41]: Error: "Unexpected token: promotion, near line: 1697
" in file: "common/pop_jobs/04_gestalt_jobs.txt" near line: 1705
[01:34:54][persistent.cpp:41]: Error: "Unexpected token: promotion, near line: 1832
" in file: "common/pop_jobs/04_gestalt_jobs.txt" near line: 1840
[01:34:54][persistent.cpp:41]: Error: "Unexpected token: promotion, near line: 1934
" in file: "common/pop_jobs/04_gestalt_jobs.txt" near line: 1942
[01:34:54][persistent.cpp:41]: Error: "Unexpected token: promotion, near line: 2036
" in file: "common/pop_jobs/04_gestalt_jobs.txt" near line: 2044
[01:34:54][persistent.cpp:41]: Error: "Unexpected token: promotion, near line: 2138
" in file: "common/pop_jobs/04_gestalt_jobs.txt" near line: 2146
[01:34:54][persistent.cpp:41]: Error: "Unexpected token: promotion, near line: 2362
" in file: "common/pop_jobs/04_gestalt_jobs.txt" near line: 2370
[01:34:54][persistent.cpp:41]: Error: "Unexpected token: promotion, near line: 2537
" in file: "common/pop_jobs/04_gestalt_jobs.txt" near line: 2545
[01:34:54][persistent.cpp:41]: Error: "Unexpected token: promotion, near line: 2721
" in file: "common/pop_jobs/04_gestalt_jobs.txt" near line: 2729
[01:34:54][persistent.cpp:41]: Error: "Unexpected token: promotion, near line: 2841
" in file: "common/pop_jobs/04_gestalt_jobs.txt" near line: 2849
[01:34:54][persistent.cpp:41]: Error: "Unexpected token: promotion, near line: 3119
" in file: "common/pop_jobs/04_gestalt_jobs.txt" near line: 3127
[01:34:54][parser_util.h:70]: Failed to read key reference 'sr_living_metal' from database 'class CJobTagDatabase' at ' file: common/pop_jobs/04_gestalt_jobs.txt line: 3323'
[01:34:55][persistent.cpp:41]: Error: "Unexpected token: demotion, near line: 14
" in file: "common/pop_jobs/06_event_jobs.txt" near line: 22
[01:34:55][persistent.cpp:41]: Error: "Unexpected token: promotion, near line: 91
" in file: "common/pop_jobs/06_event_jobs.txt" near line: 99
[01:34:55][persistent.cpp:41]: Error: "Unexpected token: promotion, near line: 158
" in file: "common/pop_jobs/06_event_jobs.txt" near line: 166
[01:34:55][persistent.cpp:41]: Error: "Unexpected token: promotion, near line: 212
" in file: "common/pop_jobs/06_event_jobs.txt" near line: 220
[01:34:55][persistent.cpp:41]: Error: "Unexpected token: promotion, near line: 490
" in file: "common/pop_jobs/06_event_jobs.txt" near line: 498
[01:34:55][persistent.cpp:41]: Error: "Unexpected token: promotion, near line: 740
" in file: "common/pop_jobs/06_event_jobs.txt" near line: 748
[01:34:55][persistent.cpp:41]: Error: "Unexpected token: promotion, near line: 814
" in file: "common/pop_jobs/06_event_jobs.txt" near line: 822
[01:34:55][persistent.cpp:41]: Error: "Unexpected token: promotion, near line: 902
" in file: "common/pop_jobs/06_event_jobs.txt" near line: 910
[01:34:55][persistent.cpp:41]: Error: "Unexpected token: promotion, near line: 967
" in file: "common/pop_jobs/06_event_jobs.txt" near line: 975
[01:34:55][persistent.cpp:41]: Error: "Unexpected token: promotion, near line: 1029
" in file: "common/pop_jobs/06_event_jobs.txt" near line: 1037
[01:34:55][persistent.cpp:41]: Error: "Unexpected token: promotion, near line: 1106
" in file: "common/pop_jobs/06_event_jobs.txt" near line: 1114
[01:34:55][economic_unit_template.cpp:37]: Failed to read key reference planet_administrators from database  file: common/pop_jobs/06_event_jobs.txt line: 1159
[01:34:55][persistent.cpp:41]: Error: "Unexpected token: promotion, near line: 1195
" in file: "common/pop_jobs/06_event_jobs.txt" near line: 1203
[01:34:55][persistent.cpp:41]: Error: "Unexpected token: promotion, near line: 1294
" in file: "common/pop_jobs/06_event_jobs.txt" near line: 1302
[01:34:55][persistent.cpp:41]: Error: "Unexpected token: promotion, near line: 1563
" in file: "common/pop_jobs/06_event_jobs.txt" near line: 1571
[01:34:55][persistent.cpp:41]: Error: "Unexpected token: promotion, near line: 1732
" in file: "common/pop_jobs/06_event_jobs.txt" near line: 1740
[01:34:55][persistent.cpp:41]: Error: "Unexpected token: promotion, near line: 1792
" in file: "common/pop_jobs/06_event_jobs.txt" near line: 1800
[01:34:55][persistent.cpp:41]: Error: "Unexpected token: promotion, near line: 1891
" in file: "common/pop_jobs/06_event_jobs.txt" near line: 1899
[01:34:55][persistent.cpp:41]: Error: "Unexpected token: promotion, near line: 2057
" in file: "common/pop_jobs/06_event_jobs.txt" near line: 2065
[01:34:55][persistent.cpp:41]: Error: "Unexpected token: promotion, near line: 2223
" in file: "common/pop_jobs/06_event_jobs.txt" near line: 2231
[01:34:55][persistent.cpp:41]: Error: "Unexpected token: promotion, near line: 2340
" in file: "common/pop_jobs/06_event_jobs.txt" near line: 2348
[01:34:55][persistent.cpp:41]: Error: "Unexpected token: promotion, near line: 2428
" in file: "common/pop_jobs/06_event_jobs.txt" near line: 2436
[01:34:55][persistent.cpp:41]: Error: "Unexpected token: promotion, near line: 2507
" in file: "common/pop_jobs/06_event_jobs.txt" near line: 2515
[01:34:55][persistent.cpp:41]: Error: "Unexpected token: promotion, near line: 2566
" in file: "common/pop_jobs/06_event_jobs.txt" near line: 2574
[01:34:55][persistent.cpp:41]: Error: "Unexpected token: promotion, near line: 2620
" in file: "common/pop_jobs/06_event_jobs.txt" near line: 2628
[01:34:55][persistent.cpp:41]: Error: "Unexpected token: promotion, near line: 2671
" in file: "common/pop_jobs/06_event_jobs.txt" near line: 2679
[01:34:55][persistent.cpp:41]: Error: "Unexpected token: promotion, near line: 2744
" in file: "common/pop_jobs/06_event_jobs.txt" near line: 2752
[01:34:55][persistent.cpp:41]: Error: "Unexpected token: promotion, near line: 2792
" in file: "common/pop_jobs/06_event_jobs.txt" near line: 2800
[01:34:55][persistent.cpp:41]: Error: "Unexpected token: promotion, near line: 2839
" in file: "common/pop_jobs/06_event_jobs.txt" near line: 2847
[01:34:55][persistent.cpp:41]: Error: "Unexpected token: promotion, near line: 2887
" in file: "common/pop_jobs/06_event_jobs.txt" near line: 2895
[01:34:55][persistent.cpp:41]: Error: "Unexpected token: promotion, near line: 2954
" in file: "common/pop_jobs/06_event_jobs.txt" near line: 2962
[01:34:55][persistent.cpp:41]: Error: "Unexpected token: promotion, near line: 3035
" in file: "common/pop_jobs/06_event_jobs.txt" near line: 3043
[01:34:56][economic_unit_template.cpp:37]: Failed to read key reference planet_administrators from database  file: common/pop_jobs/13_machine_age_jobs.txt line: 34
[01:34:56][persistent.cpp:41]: Error: "Unexpected token: promotion, near line: 131
" in file: "common/pop_jobs/13_machine_age_jobs.txt" near line: 139
[01:34:56][economic_unit_template.cpp:37]: Failed to read key reference planet_administrators from database  file: common/pop_jobs/13_machine_age_jobs.txt line: 171
[01:34:56][persistent.cpp:41]: Error: "Unexpected token: promotion, near line: 220
" in file: "common/pop_jobs/13_machine_age_jobs.txt" near line: 228
[01:34:56][job_type.cpp:31]: Missing job Localization Key: job_neural_chip_processing
[01:34:56][job_type.cpp:31]: Missing job Localization Key: job_neural_chip_processing_desc
[01:34:56][persistent.cpp:41]: Error: "Unexpected token: demotion, near line: 293
" in file: "common/pop_jobs/13_machine_age_jobs.txt" near line: 301
[01:34:56][persistent.cpp:41]: Error: "Unexpected token: promotion, near line: 303
" in file: "common/pop_jobs/13_machine_age_jobs.txt" near line: 311
[01:34:56][job_type.cpp:31]: Missing job Localization Key: job_neural_chip_unprocessing
[01:34:56][job_type.cpp:31]: Missing job Localization Key: job_neural_chip_unprocessing_desc
[01:34:56][persistent.cpp:41]: Error: "Unexpected token: demotion, near line: 343
" in file: "common/pop_jobs/13_machine_age_jobs.txt" near line: 395
[01:34:56][persistent.cpp:41]: Error: "Unexpected token: promotion, near line: 515
" in file: "common/pop_jobs/13_machine_age_jobs.txt" near line: 523
[01:34:56][persistent.cpp:41]: Error: "Unexpected token: promotion, near line: 646
" in file: "common/pop_jobs/13_machine_age_jobs.txt" near line: 654
[01:34:56][persistent.cpp:41]: Error: "Unexpected token: promotion, near line: 903
" in file: "common/pop_jobs/13_machine_age_jobs.txt" near line: 911
[01:34:56][persistent.cpp:41]: Error: "Unexpected token: promotion, near line: 949
" in file: "common/pop_jobs/13_machine_age_jobs.txt" near line: 957
[01:34:56][persistent.cpp:41]: Error: "Unexpected token: demotion, near line: 975
" in file: "common/pop_jobs/13_machine_age_jobs.txt" near line: 983
[01:34:56][persistent.cpp:41]: Error: "Unexpected token: promotion, near line: 1085
" in file: "common/pop_jobs/13_machine_age_jobs.txt" near line: 1093
[01:34:56][persistent.cpp:41]: Error: "Unexpected token: promotion, near line: 1181
" in file: "common/pop_jobs/13_machine_age_jobs.txt" near line: 1189
[01:34:56][persistent.cpp:41]: Error: "Unexpected token: promotion, near line: 48
" in file: "common/pop_jobs/14_grand_archive_jobs.txt" near line: 56
[01:34:56][inline_script_database.cpp:49]: Unknown inline_script "jobs/galactic_curator_council_output" in file: " file: common/pop_jobs/14_grand_archive_jobs.txt line: 126
[01:34:56][persistent.cpp:41]: Error: "Unexpected token: promotion, near line: 129
" in file: "common/pop_jobs/14_grand_archive_jobs.txt" near line: 137
[01:34:56][inline_script_database.cpp:49]: Unknown inline_script "jobs/galactic_curator_council_output" in file: " file: common/pop_jobs/14_grand_archive_jobs.txt line: 204
[01:34:56][persistent.cpp:41]: Error: "Unexpected token: promotion, near line: 207
" in file: "common/pop_jobs/14_grand_archive_jobs.txt" near line: 215
[01:34:56][persistent.cpp:41]: Error: "Unexpected token: promotion, near line: 261
" in file: "common/pop_jobs/14_grand_archive_jobs.txt" near line: 269
[01:34:56][persistent.cpp:41]: Error: "Unexpected token: promotion, near line: 321
" in file: "common/pop_jobs/14_grand_archive_jobs.txt" near line: 329
[01:34:56][persistent.cpp:41]: Error: "Unexpected token: promotion, near line: 387
" in file: "common/pop_jobs/14_grand_archive_jobs.txt" near line: 395
[01:34:56][persistent.cpp:41]: Error: "Unexpected token: promotion, near line: 780
" in file: "common/pop_jobs/14_grand_archive_jobs.txt" near line: 788
[01:34:56][persistent.cpp:41]: Error: "Unexpected token: promotion, near line: 34
" in file: "common/pop_jobs/15_strange_worlds_jobs.txt" near line: 42
[01:34:56][persistent.cpp:41]: Error: "Unexpected token: promotion, near line: 78
" in file: "common/pop_jobs/15_strange_worlds_jobs.txt" near line: 86
[01:34:56][persistent.cpp:41]: Error: "Unexpected token: promotion, near line: 123
" in file: "common/pop_jobs/15_strange_worlds_jobs.txt" near line: 131
[01:34:56][persistent.cpp:41]: Error: "Unexpected token: promotion, near line: 168
" in file: "common/pop_jobs/15_strange_worlds_jobs.txt" near line: 176
[01:34:56][persistent.cpp:41]: Error: "Unexpected token: promotion, near line: 212
" in file: "common/pop_jobs/15_strange_worlds_jobs.txt" near line: 220
[01:34:56][persistent.cpp:41]: Error: "Unexpected token: promotion, near line: 256
" in file: "common/pop_jobs/15_strange_worlds_jobs.txt" near line: 264
[01:34:56][parser_util.h:70]: Failed to read key reference 'psionic_aura' from database 'class CJobTagDatabase' at ' file: common/pop_jobs/16_shroud_jobs.txt line: 13'
[01:34:56][parser_util.h:70]: Failed to read key reference 'energy_thrall' from database 'class CJobTagDatabase' at ' file: common/pop_jobs/16_shroud_jobs.txt line: 280'
[01:34:56][parser_util.h:70]: Failed to read key reference 'energy_thrall' from database 'class CJobTagDatabase' at ' file: common/pop_jobs/16_shroud_jobs.txt line: 332'
[01:34:56][parser_util.h:70]: Failed to read key reference 'test_subject' from database 'class CJobTagDatabase' at ' file: common/pop_jobs/16_shroud_jobs.txt line: 397'
[01:34:56][parser_util.h:70]: Failed to read key reference 'test_subject' from database 'class CJobTagDatabase' at ' file: common/pop_jobs/16_shroud_jobs.txt line: 474'
[01:34:56][parser_util.h:70]: Failed to read key reference 'experiment_engineer' from database 'class CJobTagDatabase' at ' file: common/pop_jobs/16_shroud_jobs.txt line: 521'
[01:34:56][parser_util.h:70]: Failed to read key reference 'experiment_engineer' from database 'class CJobTagDatabase' at ' file: common/pop_jobs/16_shroud_jobs.txt line: 632'
[01:34:56][parser_util.h:48]: Failed to read key reference 'cruise_passenger' from database 'common/pop_categories' at ' file: common/pop_jobs/17_nomads_jobs.txt line: 4'
[01:34:56][parser_util.h:70]: Failed to read key reference 'cruise_passenger' from database 'class CJobTagDatabase' at ' file: common/pop_jobs/17_nomads_jobs.txt line: 19'
[01:34:56][parser_util.h:48]: Failed to read key reference 'cruise_passenger_unemployment' from database 'common/pop_categories' at ' file: common/pop_jobs/17_nomads_jobs.txt line: 82'
[01:34:56][parser_util.h:70]: Failed to read key reference 'cruise_passenger_unemployment' from database 'class CJobTagDatabase' at ' file: common/pop_jobs/17_nomads_jobs.txt line: 97'
[01:34:56][parser_util.h:48]: Failed to read key reference 'deep_sleep' from database 'common/pop_categories' at ' file: common/pop_jobs/17_nomads_jobs.txt line: 668'
[01:34:56][game_singleobjectdatabase.h:170]: Object with key: historical_curator already exists, using the one at  file: common/pop_jobs/99_swap_jobs.txt line: 23
[01:34:56][job_type.cpp:164]: Job custodian is missing texture gfx/interface/icons/jobs/job_job_haruspex.dds
[01:34:56][texturehandler.cpp:66]: Texture Handler encountered missing texture file: gfx/interface/icons/jobs/job_job_haruspex.dds
[01:34:56][texturehandler.cpp:350]: Couldn't find texture file: gfx/interface/icons/jobs/job_job_haruspex.dds.
[01:34:56][spritetype.cpp:317]: Error initialising texture: gfx/interface/icons/jobs/job_job_haruspex.dds for spritetype GFX_text_job_custodian
[01:34:56][job_type.cpp:31]: Missing job Localization Key: job_custodian
[01:34:56][job_type.cpp:31]: Missing job Localization Key: job_custodian_desc
[01:34:56][job_type.cpp:31]: Missing job Localization Key: job_btr_overlord_ranger
[01:34:56][job_type.cpp:31]: Missing job Localization Key: job_btr_overlord_ranger_desc
[01:34:56][job_type.cpp:31]: Missing job Localization Key: job_btr_overlord_arborist
[01:34:56][job_type.cpp:31]: Missing job Localization Key: job_btr_overlord_arborist_desc
[01:34:56][job_type.cpp:31]: Missing job Localization Key: job_celebrity
[01:34:56][job_type.cpp:31]: Missing job Localization Key: job_celebrity_desc
[01:34:56][job_type.cpp:31]: Missing job Localization Key: job_response_coordinator
[01:34:56][job_type.cpp:31]: Missing job Localization Key: job_response_coordinator_desc
[01:34:56][job_type.cpp:31]: Missing job Localization Key: job_btr_industrial_titan
[01:34:56][job_type.cpp:31]: Missing job Localization Key: job_btr_industrial_titan_desc
[01:34:57][persistent.cpp:41]: Error: "Unexpected token: entropy_crystals, near line: 4250
" in file: "common/specimens/specimens.txt" near line: 4250
[01:35:00][pdxmodifier.h:481]: Modifier has entry not allowed by category:  file: common/traits/btr_species_traits.txt line: 482
[01:35:00][trait.cpp:667]: Try to make unknown trait trait_pc_ark_preference into opposite of trait_sedentary
[01:35:00][trait.cpp:667]: Try to make unknown trait trait_pc_ark_preference into opposite of trait_resilient
[01:35:00][trait.cpp:667]: Try to make unknown trait trait_pc_ark_preference into opposite of trait_genetic_memory
[01:35:01][economic_unit_template.cpp:37]: Failed to read key reference waystation_pacts from database  file: common/diplomacy_economy/00_diplomacy_economy.txt line: 300
[01:35:01][game_singleobjectdatabase.h:170]: Object with key: r_btr_prothean_beacon_batarian already exists, using the one at  file: common/relics/btr_precursor_relics.txt line: 246
[01:35:01][ai_economic_strategy.cpp:3044]: Duplicate AI subplan 'Advanced Pops' found in advanced_economy_plan, using the one that ends at  file: common/economic_plans/03_advanced.txt line: 40
[01:35:01][ai_economic_strategy.cpp:3044]: Duplicate AI subplan 'Advanced Alloys' found in advanced_economy_plan, using the one that ends at  file: common/economic_plans/03_advanced.txt line: 51
[01:35:01][ai_economic_strategy.cpp:3044]: Duplicate AI subplan 'Advanced Naval Cap' found in advanced_economy_plan, using the one that ends at  file: common/economic_plans/03_advanced.txt line: 62
[01:35:01][ai_economic_strategy.cpp:3044]: Duplicate AI subplan 'Advanced Alloys (Scaling)' found in advanced_economy_plan, using the one that ends at  file: common/economic_plans/03_advanced.txt line: 76
[01:35:01][ai_economic_strategy.cpp:3044]: Duplicate AI subplan 'Advanced Physics' found in advanced_economy_plan, using the one that ends at  file: common/economic_plans/03_advanced.txt line: 115
[01:35:01][ai_economic_strategy.cpp:3044]: Duplicate AI subplan 'Advanced Society' found in advanced_economy_plan, using the one that ends at  file: common/economic_plans/03_advanced.txt line: 127
[01:35:01][ai_economic_strategy.cpp:3044]: Duplicate AI subplan 'Advanced Engineering' found in advanced_economy_plan, using the one that ends at  file: common/economic_plans/03_advanced.txt line: 139
[01:35:01][ai_economic_strategy.cpp:3044]: Duplicate AI subplan 'Galactic Nemesis Advanced Minerals Scaling' found in advanced_economy_plan, using the one that ends at  file: common/economic_plans/03_advanced.txt line: 151
[01:35:01][ai_economic_strategy.cpp:3044]: Duplicate AI subplan 'Advanced Obsessional CG Scaling' found in advanced_economy_plan, using the one that ends at  file: common/economic_plans/03_advanced.txt line: 163
[01:35:01][ai_economic_strategy.cpp:3044]: Duplicate AI subplan 'Strategic Resources' found in advanced_economy_plan, using the one that ends at  file: common/economic_plans/03_advanced.txt:165(inline_script) common/inline_scripts/ai/ai_strategic_resources.txt line: 15
[01:35:01][ai_economic_strategy.cpp:3044]: Duplicate AI subplan 'Scaling Exotic Gases' found in advanced_economy_plan, using the one that ends at  file: common/economic_plans/03_advanced.txt:165(inline_script) common/inline_scripts/ai/ai_strategic_resources.txt line: 29
[01:35:01][ai_economic_strategy.cpp:3044]: Duplicate AI subplan 'Scaling Volatile Motes' found in advanced_economy_plan, using the one that ends at  file: common/economic_plans/03_advanced.txt:165(inline_script) common/inline_scripts/ai/ai_strategic_resources.txt line: 43
[01:35:01][ai_economic_strategy.cpp:3044]: Duplicate AI subplan 'Scaling Rare Crystals' found in advanced_economy_plan, using the one that ends at  file: common/economic_plans/03_advanced.txt:165(inline_script) common/inline_scripts/ai/ai_strategic_resources.txt line: 57
[01:35:01][ai_economic_strategy.cpp:3044]: Duplicate AI subplan 'Endgame Base Pops' found in endgame_economy_plan, using the one that ends at  file: common/economic_plans/05_endgame.txt line: 41
[01:35:01][ai_economic_strategy.cpp:3044]: Duplicate AI subplan 'Endgame Naval Cap' found in endgame_economy_plan, using the one that ends at  file: common/economic_plans/05_endgame.txt line: 51
[01:35:01][ai_economic_strategy.cpp:3044]: Duplicate AI subplan 'Endgame Alloys (Scaling)' found in endgame_economy_plan, using the one that ends at  file: common/economic_plans/05_endgame.txt line: 63
[01:35:01][ai_economic_strategy.cpp:3044]: Duplicate AI subplan 'Endgame BioShip Food' found in endgame_economy_plan, using the one that ends at  file: common/economic_plans/05_endgame.txt line: 75
[01:35:01][ai_economic_strategy.cpp:3044]: Duplicate AI subplan 'Endgame Physics' found in endgame_economy_plan, using the one that ends at  file: common/economic_plans/05_endgame.txt line: 84
[01:35:01][ai_economic_strategy.cpp:3044]: Duplicate AI subplan 'Endgame Society' found in endgame_economy_plan, using the one that ends at  file: common/economic_plans/05_endgame.txt line: 93
[01:35:01][ai_economic_strategy.cpp:3044]: Duplicate AI subplan 'Endgame Engineering' found in endgame_economy_plan, using the one that ends at  file: common/economic_plans/05_endgame.txt line: 102
[01:35:01][ai_economic_strategy.cpp:3044]: Duplicate AI subplan 'Endgame Scaling Pops' found in endgame_economy_plan, using the one that ends at  file: common/economic_plans/05_endgame.txt line: 119
[01:35:01][ai_economic_strategy.cpp:3044]: Duplicate AI subplan 'Galactic Nemesis Endgame Minerals Scaling' found in endgame_economy_plan, using the one that ends at  file: common/economic_plans/05_endgame.txt line: 131
[01:35:01][ai_economic_strategy.cpp:3044]: Duplicate AI subplan 'Endgame Obsessional CG Scaling' found in endgame_economy_plan, using the one that ends at  file: common/economic_plans/05_endgame.txt line: 142
[01:35:01][ai_economic_strategy.cpp:3044]: Duplicate AI subplan 'Strategic Resources' found in endgame_economy_plan, using the one that ends at  file: common/economic_plans/05_endgame.txt:144(inline_script) common/inline_scripts/ai/ai_strategic_resources.txt line: 15
[01:35:01][ai_economic_strategy.cpp:3044]: Duplicate AI subplan 'Scaling Exotic Gases' found in endgame_economy_plan, using the one that ends at  file: common/economic_plans/05_endgame.txt:144(inline_script) common/inline_scripts/ai/ai_strategic_resources.txt line: 29
[01:35:01][ai_economic_strategy.cpp:3044]: Duplicate AI subplan 'Scaling Volatile Motes' found in endgame_economy_plan, using the one that ends at  file: common/economic_plans/05_endgame.txt:144(inline_script) common/inline_scripts/ai/ai_strategic_resources.txt line: 43
[01:35:01][ai_economic_strategy.cpp:3044]: Duplicate AI subplan 'Scaling Rare Crystals' found in endgame_economy_plan, using the one that ends at  file: common/economic_plans/05_endgame.txt:144(inline_script) common/inline_scripts/ai/ai_strategic_resources.txt line: 57
[01:35:01][ai_economic_strategy.cpp:3044]: Duplicate AI subplan 'Endgame Alloys' found in beyond_endgame_economy_plan, using the one that ends at  file: common/economic_plans/06_beyond_endgame.txt line: 45
[01:35:01][ai_economic_strategy.cpp:3044]: Duplicate AI subplan 'Endgame Alloys (Scaling)' found in beyond_endgame_economy_plan, using the one that ends at  file: common/economic_plans/06_beyond_endgame.txt line: 57
[01:35:01][ai_economic_strategy.cpp:3044]: Duplicate AI subplan 'Endgame BioShip Food' found in beyond_endgame_economy_plan, using the one that ends at  file: common/economic_plans/06_beyond_endgame.txt line: 69
[01:35:01][ai_economic_strategy.cpp:3044]: Duplicate AI subplan 'Endgame Physics' found in beyond_endgame_economy_plan, using the one that ends at  file: common/economic_plans/06_beyond_endgame.txt line: 78
[01:35:01][ai_economic_strategy.cpp:3044]: Duplicate AI subplan 'Endgame Society' found in beyond_endgame_economy_plan, using the one that ends at  file: common/economic_plans/06_beyond_endgame.txt line: 87
[01:35:01][ai_economic_strategy.cpp:3044]: Duplicate AI subplan 'Endgame Engineering' found in beyond_endgame_economy_plan, using the one that ends at  file: common/economic_plans/06_beyond_endgame.txt line: 96
[01:35:01][ai_economic_strategy.cpp:3044]: Duplicate AI subplan 'Endgame Base Pops' found in beyond_endgame_economy_plan, using the one that ends at  file: common/economic_plans/06_beyond_endgame.txt line: 102
[01:35:01][ai_economic_strategy.cpp:3044]: Duplicate AI subplan 'Endgame Scaling Pops' found in beyond_endgame_economy_plan, using the one that ends at  file: common/economic_plans/06_beyond_endgame.txt line: 110
[01:35:01][ai_economic_strategy.cpp:3044]: Duplicate AI subplan 'Endgame Naval Cap' found in beyond_endgame_economy_plan, using the one that ends at  file: common/economic_plans/06_beyond_endgame.txt line: 116
[01:35:01][ai_economic_strategy.cpp:3044]: Duplicate AI subplan 'Galactic Nemesis Endgame Minerals Scaling' found in beyond_endgame_economy_plan, using the one that ends at  file: common/economic_plans/06_beyond_endgame.txt line: 128
[01:35:01][ai_economic_strategy.cpp:3044]: Duplicate AI subplan 'Endgame Obsessional CG Scaling' found in beyond_endgame_economy_plan, using the one that ends at  file: common/economic_plans/06_beyond_endgame.txt line: 139
[01:35:01][ai_economic_strategy.cpp:3044]: Duplicate AI subplan 'Strategic Resources' found in beyond_endgame_economy_plan, using the one that ends at  file: common/economic_plans/06_beyond_endgame.txt:141(inline_script) common/inline_scripts/ai/ai_strategic_resources.txt line: 15
[01:35:01][ai_economic_strategy.cpp:3044]: Duplicate AI subplan 'Scaling Exotic Gases' found in beyond_endgame_economy_plan, using the one that ends at  file: common/economic_plans/06_beyond_endgame.txt:141(inline_script) common/inline_scripts/ai/ai_strategic_resources.txt line: 29
[01:35:01][ai_economic_strategy.cpp:3044]: Duplicate AI subplan 'Scaling Volatile Motes' found in beyond_endgame_economy_plan, using the one that ends at  file: common/economic_plans/06_beyond_endgame.txt:141(inline_script) common/inline_scripts/ai/ai_strategic_resources.txt line: 43
[01:35:01][ai_economic_strategy.cpp:3044]: Duplicate AI subplan 'Scaling Rare Crystals' found in beyond_endgame_economy_plan, using the one that ends at  file: common/economic_plans/06_beyond_endgame.txt:141(inline_script) common/inline_scripts/ai/ai_strategic_resources.txt line: 57
[01:35:01][eventmanager.cpp:427]: an event with id [btr_anomaly.13] already exists!  file: events/btr_anomalies.txt line: 421
[01:35:01][pdx_audio.cpp:1200]: Missing sound effect: btr_event_granted_citadel_embassy
[01:35:01][event.cpp:1579]: show_sound for event btr_council_resolutions.1 is referencing inexistent sound btr_event_granted_citadel_embassy
[01:35:01][pdx_audio.cpp:1200]: Missing sound effect: btr_event_denied_citadel_embassy
[01:35:01][event.cpp:1579]: show_sound for event btr_council_resolutions.2 is referencing inexistent sound btr_event_denied_citadel_embassy
[01:35:01][pdx_audio.cpp:1200]: Missing sound effect: btr_event_granted_council_spectre
[01:35:01][event.cpp:1579]: show_sound for event btr_council_resolutions.3 is referencing inexistent sound btr_event_granted_council_spectre
[01:35:01][event.cpp:1579]: show_sound for event btr_council_resolutions.4 is referencing inexistent sound btr_event_granted_council_spectre
[01:35:01][event.cpp:1579]: show_sound for event btr_council_resolutions.5 is referencing inexistent sound btr_event_granted_council_spectre
[01:35:01][event.cpp:1579]: show_sound for event btr_council_resolutions.6 is referencing inexistent sound btr_event_granted_council_spectre
[01:35:01][event.cpp:1579]: show_sound for event btr_council_resolutions.7 is referencing inexistent sound btr_event_granted_citadel_embassy
[01:35:01][event.cpp:1579]: show_sound for event btr_council_resolutions.8 is referencing inexistent sound btr_event_denied_citadel_embassy
[01:35:02][effect.cpp:471]: Error: "Unexpected token: integrity, near line: 2862
" in file: "events/federations_events_1.txt" near line: 2862
[01:35:02][effect.cpp:471]: Error: "Unexpected token: integrity, near line: 217
" in file: "events/galactic_community_events.txt" near line: 217
[01:35:02][effect.cpp:471]: Error: "Unexpected token: integrity, near line: 591
" in file: "events/galactic_community_events.txt" near line: 591
[01:35:02][effect.cpp:529]: Wrong scope for effect 'set_planet_flag' at  file: events/game_start.txt line: 531
Current Scope: colony
Supported Scopes: planet
[01:35:02][effect.cpp:471]: Error: "Unexpected token: integrity, near line: 101
" in file: "events/nemesis_custodian_events.txt" near line: 101
[01:35:03][persistent.cpp:41]: Error: "Unexpected token: entropy_crystals, near line: 132
" in file: "common/decisions/14_infernal_decisions.txt" near line: 132
[01:35:03][onaction.cpp:94]: OnAction "on_custom_diplomacy" is referencing an invalid ID: "nomad.30"
[01:35:03][onaction.cpp:94]: OnAction "on_entering_system_fleet" is referencing an invalid ID: "nomad.3"
[01:35:03][onaction.cpp:94]: OnAction "on_entering_system_fleet" is referencing an invalid ID: "nomad.7"
[01:35:03][onaction.cpp:94]: OnAction "on_entering_system_fleet" is referencing an invalid ID: "nomad.8"
[01:35:03][onaction.cpp:94]: OnAction "on_entering_battle" is referencing an invalid ID: "nomad.96"
[01:35:03][onaction.cpp:94]: OnAction "on_entering_battle" is referencing an invalid ID: "nomad.98"
[01:35:03][onaction.cpp:94]: OnAction "on_entering_battle" is referencing an invalid ID: "nomad.99"
[01:35:03][onaction.cpp:94]: OnAction "on_ship_destroyed_victim" is referencing an invalid ID: "nomad.95"
[01:35:03][onaction.cpp:94]: OnAction "on_emergency_ftl" is referencing an invalid ID: "nomad.97"
[01:35:03][onaction.cpp:104]: OnAction "on_specimen_acquired" is referencing an invalid event: "grand_archive.4005"
[01:35:03][onaction.cpp:94]: OnAction "on_game_start" is referencing an invalid ID: "planetarystations.1"
[01:35:03][trigger.cpp:635]: Wrong scope for trigger 'has_anomaly' at  file: common/archaeological_site_types/00_btr_archeological_sites.txt line: 422
Current Scope: fleet
Supported Scopes: planet ship colony
[01:35:03][trigger.cpp:635]: Wrong scope for trigger 'has_planet_flag' at  file: common/archaeological_site_types/00_btr_archeological_sites.txt line: 425
Current Scope: fleet
Supported Scopes: planet
[01:35:03][effect.cpp:529]: Wrong scope for effect 'planet_event' at  file: common/traditions/01_virtuality.txt line: 39
Current Scope: colony
Supported Scopes: planet
[01:35:03][ascension_perk_category.cpp:68]: Ascension perk category 'ap_category_ambitions' contains invalid ascension perk key 'ap_defender_of_the_galaxy_nomads'[01:35:03][persistent.cpp:41]: Error: "Unexpected token: entropy_crystals, near line: 11
" in file: "common/megastructure_overclock_types/01_overclock_types.txt" near line: 11
[01:35:03][persistent.cpp:41]: Error: "Unexpected token: entropy_crystals, near line: 28
" in file: "common/megastructure_overclock_types/01_overclock_types.txt" near line: 28
[01:35:03][persistent.cpp:41]: Error: "Unexpected token: entropy_crystals, near line: 42
" in file: "common/megastructure_overclock_types/01_overclock_types.txt" near line: 42
[01:35:04][inline_script_database.cpp:49]: Unknown inline_script "ship_components/collateral_damage" in file: " file: common/component_templates/00_weapons_archaeotechnology.txt line: 607
[01:35:04][inline_script_database.cpp:49]: Unknown inline_script "ship_components/collateral_damage" in file: " file: common/component_templates/00_weapons_archaeotechnology.txt line: 698
[01:35:04][inline_script_database.cpp:49]: Unknown inline_script "ship_components/collateral_damage" in file: " file: common/component_templates/00_weapons_extra_large.txt line: 444
[01:35:04][inline_script_database.cpp:49]: Unknown inline_script "ship_components/collateral_damage" in file: " file: common/component_templates/00_weapons_extra_large.txt line: 525
[01:35:04][inline_script_database.cpp:49]: Unknown inline_script "ship_components/collateral_damage" in file: " file: common/component_templates/00_weapons_extra_large.txt line: 585
[01:35:04][inline_script_database.cpp:49]: Unknown inline_script "ship_components/collateral_damage" in file: " file: common/component_templates/00_weapons_extra_large.txt line: 706
[01:35:04][ship_growth_stage.cpp:1018]: invalid component slot "MEDIUM_UTILITY_3".  file: common/global_ship_designs/event_ship_designs_anomalies.txt line: 119
[01:35:04][ship_growth_stage.cpp:1018]: invalid component slot "MEDIUM_UTILITY_4".  file: common/global_ship_designs/event_ship_designs_anomalies.txt line: 123
[01:35:04][ship_growth_stage.cpp:1018]: invalid component slot "MEDIUM_UTILITY_5".  file: common/global_ship_designs/event_ship_designs_anomalies.txt line: 127
[01:35:04][ship_growth_stage.cpp:1018]: invalid component slot "MEDIUM_UTILITY_6".  file: common/global_ship_designs/event_ship_designs_anomalies.txt line: 131
[01:35:04][ship_growth_stage.cpp:1018]: invalid component slot "AUX_UTILITY_1".  file: common/global_ship_designs/event_ship_designs_anomalies.txt line: 135
[01:35:04][ship_growth_stage.cpp:1018]: invalid component slot "AUX_UTILITY_2".  file: common/global_ship_designs/event_ship_designs_anomalies.txt line: 139
[01:35:04][ship_growth_stage.cpp:116]: invalid component template "COMBAT_COMPUTER_ARKSHIP".  file: common/global_ship_designs/nomad_global_ship_designs.txt line: 135
[01:35:04][persistent.cpp:41]: Error: "Unexpected token: entropy_crystals, near line: 9
" in file: "common/megastructures/22_galactic_crucible.txt" near line: 9
[01:35:04][persistent.cpp:41]: Error: "Unexpected token: entropy_crystals, near line: 159
" in file: "common/megastructures/22_galactic_crucible.txt" near line: 159
[01:35:04][persistent.cpp:41]: Error: "Unexpected token: entropy_crystals, near line: 197
" in file: "common/megastructures/22_galactic_crucible.txt" near line: 197
[01:35:04][persistent.cpp:41]: Error: "Unexpected token: entropy_crystals, near line: 235
" in file: "common/megastructures/22_galactic_crucible.txt" near line: 235
[01:35:04][persistent.cpp:41]: Error: "Unexpected token: entropy_crystals, near line: 273
" in file: "common/megastructures/22_galactic_crucible.txt" near line: 273
[01:35:04][persistent.cpp:41]: Error: "Unexpected token: entropy_crystals, near line: 312
" in file: "common/megastructures/22_galactic_crucible.txt" near line: 312
[01:35:04][economic_unit_template.cpp:37]: Failed to read key reference megastructures_arkships from database  file: common/megastructures/29_nomad_arkships.txt:7(inline_script) common/inline_scripts/megastructures/arkship.txt line: 13
[01:35:04][economic_unit_template.cpp:37]: Failed to read key reference megastructures_arkships from database  file: common/megastructures/29_nomad_arkships.txt:54(inline_script) common/inline_scripts/megastructures/arkship.txt line: 13
[01:35:04][economic_unit_template.cpp:37]: Failed to read key reference megastructures_arkships from database  file: common/megastructures/29_nomad_arkships.txt:108(inline_script) common/inline_scripts/megastructures/arkship.txt line: 13
[01:35:04][economic_unit_template.cpp:37]: Failed to read key reference megastructures_waystations from database  file: common/megastructures/30_nomad_waystation.txt line: 15
[01:35:04][trigger.cpp:635]: Wrong scope for trigger 'has_planet_flag' at  file: common/megastructures/btr_planetary_station.txt line: 163
Current Scope: colony
Supported Scopes: planet
[01:35:04][trigger.cpp:635]: Wrong scope for trigger 'has_planet_flag' at  file: common/megastructures/btr_planetary_station.txt line: 194
Current Scope: colony
Supported Scopes: planet
[01:35:04][trigger.cpp:635]: Wrong scope for trigger 'has_planet_flag' at  file: common/megastructures/btr_planetary_station.txt line: 208
Current Scope: colony
Supported Scopes: planet
[01:35:04][trigger.cpp:635]: Wrong scope for trigger 'has_planet_flag' at  file: common/megastructures/btr_planetary_station.txt line: 219
Current Scope: colony
Supported Scopes: planet
[01:35:04][trigger.cpp:635]: Wrong scope for trigger 'has_planet_flag' at  file: common/megastructures/btr_planetary_station.txt line: 261
Current Scope: colony
Supported Scopes: planet
[01:35:04][trigger.cpp:635]: Wrong scope for trigger 'has_planet_flag' at  file: common/megastructures/btr_planetary_station.txt line: 272
Current Scope: colony
Supported Scopes: planet
[01:35:04][economic_unit_template.cpp:37]: Failed to read key reference starbase_arkship_upgrades from database  file: common/starbase_modules/00_arkship_spinal_modules.txt line: 28
[01:35:04][economic_unit_template.cpp:37]: Failed to read key reference starbase_arkship_upgrades from database  file: common/starbase_modules/00_arkship_spinal_modules.txt line: 73
[01:35:04][economic_unit_template.cpp:37]: Failed to read key reference starbase_arkship_upgrades from database  file: common/starbase_modules/00_arkship_spinal_modules.txt line: 134
[01:35:04][economic_unit_template.cpp:37]: Failed to read key reference starbase_arkship_upgrades from database  file: common/starbase_modules/00_arkship_spinal_modules.txt line: 182
[01:35:04][economic_unit_template.cpp:37]: Failed to read key reference starbase_arkship_upgrades from database  file: common/starbase_modules/00_arkship_spinal_modules.txt line: 225
[01:35:04][economic_unit_template.cpp:37]: Failed to read key reference starbase_arkship_upgrades from database  file: common/starbase_modules/00_arkship_spinal_modules.txt line: 284
[01:35:04][economic_unit_template.cpp:37]: Failed to read key reference starbase_arkship_upgrades from database  file: common/starbase_modules/00_arkship_utility_modules.txt line: 38
[01:35:04][economic_unit_template.cpp:37]: Failed to read key reference starbase_arkship_upgrades from database  file: common/starbase_modules/00_arkship_utility_modules.txt line: 177
[01:35:04][economic_unit_template.cpp:37]: Failed to read key reference starbase_arkship_upgrades from database  file: common/starbase_modules/00_arkship_utility_modules.txt line: 227
[01:35:04][economic_unit_template.cpp:37]: Failed to read key reference starbase_arkship_upgrades from database  file: common/starbase_modules/00_arkship_utility_modules.txt line: 276
[01:35:04][economic_unit_template.cpp:37]: Failed to read key reference starbase_arkship_upgrades from database  file: common/starbase_modules/00_arkship_utility_modules.txt line: 324
[01:35:04][economic_unit_template.cpp:37]: Failed to read key reference starbase_arkship_upgrades from database  file: common/starbase_modules/00_arkship_utility_modules.txt line: 375
[01:35:04][economic_unit_template.cpp:37]: Failed to read key reference starbase_arkship_upgrades from database  file: common/starbase_modules/00_arkship_utility_modules.txt line: 455
[01:35:04][economic_unit_template.cpp:37]: Failed to read key reference starbase_arkship_upgrades from database  file: common/starbase_modules/00_arkship_weapon_modules.txt line: 27
[01:35:04][economic_unit_template.cpp:37]: Failed to read key reference starbase_arkship_upgrades from database  file: common/starbase_modules/00_arkship_weapon_modules.txt line: 76
[01:35:04][economic_unit_template.cpp:37]: Failed to read key reference starbase_arkship_upgrades from database  file: common/starbase_modules/00_arkship_weapon_modules.txt line: 129
[01:35:04][economic_unit_template.cpp:37]: Failed to read key reference starbase_arkship_upgrades from database  file: common/starbase_modules/00_arkship_weapon_modules.txt line: 178
[01:35:04][economic_unit_template.cpp:37]: Failed to read key reference starbase_arkship_upgrades from database  file: common/starbase_modules/00_arkship_weapon_modules.txt line: 226
[01:35:04][economic_unit_template.cpp:37]: Failed to read key reference starbase_arkship_upgrades from database  file: common/starbase_modules/00_arkship_weapon_modules.txt line: 275
[01:35:04][economic_unit_template.cpp:37]: Failed to read key reference starbase_arkship_upgrades from database  file: common/starbase_modules/00_arkship_weapon_modules.txt line: 324
[01:35:04][economic_unit_template.cpp:37]: Failed to read key reference starbase_arkship_upgrades from database  file: common/starbase_modules/00_arkship_weapon_modules.txt line: 377
[01:35:04][economic_unit_template.cpp:37]: Failed to read key reference starbase_arkship_upgrades from database  file: common/starbase_modules/00_arkship_weapon_modules.txt line: 426
[01:35:04][economic_unit_template.cpp:37]: Failed to read key reference starbase_arkship_upgrades from database  file: common/starbase_modules/00_arkship_weapon_modules.txt line: 475
[01:35:04][economic_unit_template.cpp:37]: Failed to read key reference starbase_arkship_upgrades from database  file: common/starbase_modules/00_arkship_weapon_modules.txt line: 524
[01:35:04][economic_unit_template.cpp:37]: Failed to read key reference starbase_arkship_upgrades from database  file: common/starbase_modules/00_arkship_weapon_modules.txt line: 573
[01:35:04][economic_unit_template.cpp:37]: Failed to read key reference starbase_arkship_upgrades from database  file: common/starbase_modules/00_arkship_weapon_modules.txt line: 622
[01:35:04][economic_unit_template.cpp:37]: Failed to read key reference starbase_arkship_upgrades from database  file: common/starbase_modules/00_arkship_weapon_modules.txt line: 671
[01:35:04][economic_unit_template.cpp:37]: Failed to read key reference starbase_arkship_upgrades from database  file: common/starbase_modules/00_arkship_weapon_modules.txt line: 724
[01:35:04][economic_unit_template.cpp:37]: Failed to read key reference starbase_arkship_upgrades from database  file: common/starbase_modules/00_arkship_weapon_modules.txt line: 775
[01:35:04][economic_unit_template.cpp:37]: Failed to read key reference starbase_arkship_upgrades from database  file: common/starbase_modules/00_arkship_weapon_modules.txt line: 824
[01:35:04][economic_unit_template.cpp:37]: Failed to read key reference starbase_arkship_upgrades from database  file: common/starbase_modules/00_arkship_weapon_modules.txt line: 873
[01:35:04][economic_unit_template.cpp:37]: Failed to read key reference starbase_arkship_upgrades from database  file: common/starbase_modules/00_arkship_weapon_modules.txt line: 926
[01:35:04][economic_unit_template.cpp:37]: Failed to read key reference starbase_arkship_upgrades from database  file: common/starbase_modules/00_arkship_weapon_modules.txt line: 975
[01:35:04][economic_unit_template.cpp:37]: Failed to read key reference starbase_arkship_upgrades from database  file: common/starbase_modules/00_arkship_weapon_modules.txt line: 1028
[01:35:04][economic_unit_template.cpp:37]: Failed to read key reference starbase_arkship_upgrades from database  file: common/starbase_modules/00_arkship_weapon_modules.txt line: 1077
[01:35:04][economic_unit_template.cpp:37]: Failed to read key reference starbase_arkship_upgrades from database  file: common/starbase_modules/00_arkship_weapon_modules.txt line: 1126
[01:35:04][economic_unit_template.cpp:37]: Failed to read key reference starbase_arkship_upgrades from database  file: common/starbase_modules/00_arkship_weapon_modules.txt line: 1164
[01:35:04][economic_unit_template.cpp:37]: Failed to read key reference starbase_arkship_upgrades from database  file: common/starbase_modules/00_arkship_weapon_modules.txt line: 1202
[01:35:04][economic_unit_template.cpp:37]: Failed to read key reference starbase_waystations_modules from database  file: common/starbase_modules/00_waystation_modules.txt line: 42
[01:35:04][economic_unit_template.cpp:37]: Failed to read key reference starbase_waystations_modules from database  file: common/starbase_modules/00_waystation_modules.txt line: 156
[01:35:04][economic_unit_template.cpp:37]: Failed to read key reference starbase_waystations_modules from database  file: common/starbase_modules/00_waystation_modules.txt line: 302
[01:35:04][economic_unit_template.cpp:37]: Failed to read key reference starbase_waystations_modules from database  file: common/starbase_modules/00_waystation_modules.txt line: 401
[01:35:04][economic_unit_template.cpp:37]: Failed to read key reference starbase_waystations_modules from database  file: common/starbase_modules/00_waystation_modules.txt line: 684
[01:35:04][economic_unit_template.cpp:37]: Failed to read key reference starbase_waystations_modules from database  file: common/starbase_modules/00_waystation_modules.txt line: 1292
[01:35:04][economic_unit_template.cpp:37]: Failed to read key reference starbase_waystations_modules from database  file: common/starbase_modules/00_waystation_modules.txt line: 1510
[01:35:04][economic_unit_template.cpp:37]: Failed to read key reference starbase_waystations_modules from database  file: common/starbase_modules/00_waystation_modules.txt line: 1643
[01:35:04][economic_unit_template.cpp:37]: Failed to read key reference starbase_waystations_modules from database  file: common/starbase_modules/00_waystation_modules.txt line: 1691
[01:35:04][economic_unit_template.cpp:37]: Failed to read key reference starbase_waystations_modules from database  file: common/starbase_modules/00_waystation_modules.txt line: 1737
[01:35:04][economic_unit_template.cpp:37]: Failed to read key reference starbase_waystations_modules from database  file: common/starbase_modules/00_waystation_modules.txt line: 1836
[01:35:04][economic_unit_template.cpp:37]: Failed to read key reference starbase_waystations_modules from database  file: common/starbase_modules/00_waystation_modules.txt line: 1931
[01:35:04][economic_unit_template.cpp:37]: Failed to read key reference starbase_waystations_modules from database  file: common/starbase_modules/00_waystation_modules.txt line: 2380
[01:35:04][economic_unit_template.cpp:37]: Failed to read key reference starbase_waystations_modules from database  file: common/starbase_modules/00_waystation_modules.txt line: 2468
[01:35:04][economic_unit_template.cpp:37]: Failed to read key reference starbase_waystations_modules from database  file: common/starbase_modules/00_waystation_modules.txt line: 2507
[01:35:04][economic_unit_template.cpp:37]: Failed to read key reference starbase_waystations_modules from database  file: common/starbase_modules/00_waystation_modules.txt line: 2606
[01:35:04][economic_unit_template.cpp:37]: Failed to read key reference starbase_waystations_modules from database  file: common/starbase_modules/00_waystation_modules.txt line: 2726
[01:35:04][economic_unit_template.cpp:37]: Failed to read key reference starbase_waystations_modules from database  file: common/starbase_modules/00_waystation_modules.txt line: 2859
[01:35:04][economic_unit_template.cpp:37]: Failed to read key reference starbase_waystations_modules from database  file: common/starbase_modules/00_waystation_modules.txt line: 3187
[01:35:04][economic_unit_template.cpp:37]: Failed to read key reference starbase_waystations_modules from database  file: common/starbase_modules/00_waystation_modules.txt line: 3286
[01:35:04][economic_unit_template.cpp:37]: Failed to read key reference starbase_waystations_modules from database  file: common/starbase_modules/00_waystation_modules.txt line: 3414
[01:35:04][economic_unit_template.cpp:37]: Failed to read key reference starbase_waystations_modules from database  file: common/starbase_modules/00_waystation_modules.txt line: 3461
[01:35:04][economic_unit_template.cpp:37]: Failed to read key reference starbase_waystations_modules from database  file: common/starbase_modules/00_waystation_modules.txt line: 3505
[01:35:04][economic_unit_template.cpp:37]: Failed to read key reference starbase_waystations_modules from database  file: common/starbase_modules/00_waystation_modules.txt line: 3554
[01:35:04][economic_unit_template.cpp:37]: Failed to read key reference starbase_waystations_modules from database  file: common/starbase_modules/00_waystation_modules.txt line: 3647
[01:35:04][economic_unit_template.cpp:37]: Failed to read key reference starbase_waystations_modules from database  file: common/starbase_modules/00_waystation_modules.txt line: 3691
[01:35:04][economic_unit_template.cpp:37]: Failed to read key reference starbase_waystations_modules from database  file: common/starbase_modules/00_waystation_modules.txt line: 3789
[01:35:04][economic_unit_template.cpp:37]: Failed to read key reference starbase_waystations_modules from database  file: common/starbase_modules/00_waystation_modules.txt line: 3832
[01:35:04][economic_unit_template.cpp:37]: Failed to read key reference starbase_waystations_modules from database  file: common/starbase_modules/00_waystation_modules.txt line: 3888
[01:35:04][economic_unit_template.cpp:37]: Failed to read key reference starbase_waystations_modules from database  file: common/starbase_modules/00_waystation_modules.txt line: 4091
[01:35:04][economic_unit_template.cpp:37]: Failed to read key reference starbase_waystations_modules from database  file: common/starbase_modules/00_waystation_modules.txt line: 4139
[01:35:04][economic_unit_template.cpp:37]: Failed to read key reference starbase_waystations_modules from database  file: common/starbase_modules/00_waystation_modules.txt line: 4206
[01:35:04][economic_unit_template.cpp:37]: Failed to read key reference starbase_waystations_modules from database  file: common/starbase_modules/00_waystation_modules.txt line: 4255
[01:35:04][economic_unit_template.cpp:37]: Failed to read key reference starbase_waystations_modules from database  file: common/starbase_modules/00_waystation_modules.txt:4281(inline_script) common/inline_scripts/grand_archive/waystation_voidlure.txt line: 96
[01:35:04][economic_unit_template.cpp:37]: Failed to read key reference starbase_waystations_modules from database  file: common/starbase_modules/00_waystation_modules.txt:4287(inline_script) common/inline_scripts/grand_archive/waystation_voidlure.txt line: 96
[01:35:04][economic_unit_template.cpp:37]: Failed to read key reference starbase_waystations_modules from database  file: common/starbase_modules/00_waystation_modules.txt:4293(inline_script) common/inline_scripts/grand_archive/waystation_voidlure.txt line: 96
[01:35:04][economic_unit_template.cpp:37]: Failed to read key reference starbase_waystations_modules from database  file: common/starbase_modules/00_waystation_modules.txt:4299(inline_script) common/inline_scripts/grand_archive/waystation_voidlure.txt line: 96
[01:35:04][economic_unit_template.cpp:37]: Failed to read key reference starbase_waystations_modules from database  file: common/starbase_modules/00_waystation_modules.txt:4305(inline_script) common/inline_scripts/grand_archive/waystation_voidlure.txt line: 96
[01:35:04][economic_unit_template.cpp:37]: Failed to read key reference starbase_arkship_upgrades from database  file: common/starbase_buildings/00_arkship_colony_buildings.txt line: 28
[01:35:04][economic_unit_template.cpp:37]: Failed to read key reference starbase_arkship_upgrades from database  file: common/starbase_buildings/00_arkship_colony_buildings.txt line: 72
[01:35:04][economic_unit_template.cpp:37]: Failed to read key reference starbase_arkship_upgrades from database  file: common/starbase_buildings/00_arkship_colony_buildings.txt line: 116
[01:35:04][economic_unit_template.cpp:37]: Failed to read key reference starbase_arkship_upgrades from database  file: common/starbase_buildings/00_arkship_colony_buildings.txt line: 166
[01:35:04][economic_unit_template.cpp:37]: Failed to read key reference starbase_arkship_upgrades from database  file: common/starbase_buildings/00_arkship_colony_buildings.txt line: 214
[01:35:04][economic_unit_template.cpp:37]: Failed to read key reference starbase_arkship_upgrades from database  file: common/starbase_buildings/00_arkship_colony_buildings.txt line: 260
[01:35:04][economic_unit_template.cpp:37]: Failed to read key reference starbase_arkship_upgrades from database  file: common/starbase_buildings/00_arkship_colony_buildings.txt line: 306
[01:35:04][economic_unit_template.cpp:37]: Failed to read key reference starbase_arkship_upgrades from database  file: common/starbase_buildings/00_arkship_colony_buildings.txt line: 362
[01:35:04][economic_unit_template.cpp:37]: Failed to read key reference starbase_arkship_upgrades from database  file: common/starbase_buildings/00_arkship_colony_buildings.txt line: 448
[01:35:04][economic_unit_template.cpp:37]: Failed to read key reference starbase_arkship_upgrades from database  file: common/starbase_buildings/00_arkship_colony_buildings.txt line: 529
[01:35:04][economic_unit_template.cpp:37]: Failed to read key reference starbase_arkship_upgrades from database  file: common/starbase_buildings/00_arkship_colony_buildings.txt line: 618
[01:35:04][economic_unit_template.cpp:37]: Failed to read key reference starbase_arkship_upgrades from database  file: common/starbase_buildings/00_arkship_colony_buildings.txt line: 701
[01:35:04][economic_unit_template.cpp:37]: Failed to read key reference starbase_arkship_upgrades from database  file: common/starbase_buildings/00_arkship_colony_buildings.txt line: 790
[01:35:04][economic_unit_template.cpp:37]: Failed to read key reference starbase_arkship_upgrades from database  file: common/starbase_buildings/00_arkship_colony_buildings.txt line: 899
[01:35:04][economic_unit_template.cpp:37]: Failed to read key reference starbase_arkship_upgrades from database  file: common/starbase_buildings/00_arkship_colony_buildings.txt line: 936
[01:35:04][economic_unit_template.cpp:37]: Failed to read key reference starbase_arkship_upgrades from database  file: common/starbase_buildings/00_arkship_colony_buildings.txt line: 991
[01:35:04][economic_unit_template.cpp:37]: Failed to read key reference starbase_arkship_upgrades from database  file: common/starbase_buildings/00_arkship_colony_buildings.txt line: 1067
[01:35:04][economic_unit_template.cpp:37]: Failed to read key reference starbase_arkship_upgrades from database  file: common/starbase_buildings/00_arkship_colony_buildings.txt line: 1117
[01:35:04][economic_unit_template.cpp:37]: Failed to read key reference starbase_arkship_upgrades from database  file: common/starbase_buildings/00_arkship_colony_buildings.txt line: 1163
[01:35:04][economic_unit_template.cpp:37]: Failed to read key reference starbase_arkship_upgrades from database  file: common/starbase_buildings/00_arkship_colony_buildings.txt line: 1240
[01:35:04][economic_unit_template.cpp:37]: Failed to read key reference starbase_arkship_upgrades from database  file: common/starbase_buildings/00_arkship_colony_buildings.txt line: 1297
[01:35:04][economic_unit_template.cpp:37]: Failed to read key reference starbase_arkship_upgrades from database  file: common/starbase_buildings/00_arkship_colony_buildings.txt line: 1359
[01:35:04][economic_unit_template.cpp:37]: Failed to read key reference starbase_arkship_upgrades from database  file: common/starbase_buildings/00_arkship_colony_buildings.txt line: 1411
[01:35:04][economic_unit_template.cpp:37]: Failed to read key reference starbase_arkship_upgrades from database  file: common/starbase_buildings/00_arkship_colony_buildings.txt line: 1455
[01:35:04][economic_unit_template.cpp:37]: Failed to read key reference starbase_arkship_upgrades from database  file: common/starbase_buildings/00_arkship_colony_buildings.txt line: 1500
[01:35:04][economic_unit_template.cpp:37]: Failed to read key reference starbase_arkship_upgrades from database  file: common/starbase_buildings/00_arkship_colony_buildings.txt line: 1558
[01:35:04][economic_unit_template.cpp:37]: Failed to read key reference starbase_arkship_upgrades from database  file: common/starbase_buildings/00_arkship_component_buildings.txt line: 28
[01:35:04][economic_unit_template.cpp:37]: Failed to read key reference starbase_arkship_upgrades from database  file: common/starbase_buildings/00_arkship_component_buildings.txt line: 77
[01:35:04][economic_unit_template.cpp:37]: Failed to read key reference starbase_arkship_upgrades from database  file: common/starbase_buildings/00_arkship_component_buildings.txt line: 122
[01:35:04][economic_unit_template.cpp:37]: Failed to read key reference starbase_arkship_upgrades from database  file: common/starbase_buildings/00_arkship_component_buildings.txt line: 172
[01:35:04][economic_unit_template.cpp:37]: Failed to read key reference starbase_arkship_upgrades from database  file: common/starbase_buildings/00_arkship_component_buildings.txt line: 218
[01:35:04][economic_unit_template.cpp:37]: Failed to read key reference starbase_arkship_upgrades from database  file: common/starbase_buildings/00_arkship_component_buildings.txt line: 264
[01:35:04][economic_unit_template.cpp:37]: Failed to read key reference starbase_arkship_upgrades from database  file: common/starbase_buildings/00_arkship_component_buildings.txt line: 314
[01:35:04][economic_unit_template.cpp:37]: Failed to read key reference starbase_arkship_upgrades from database  file: common/starbase_buildings/00_arkship_component_buildings.txt line: 359
[01:35:04][economic_unit_template.cpp:37]: Failed to read key reference starbase_arkship_upgrades from database  file: common/starbase_buildings/00_arkship_component_buildings.txt line: 400
[01:35:04][economic_unit_template.cpp:37]: Failed to read key reference starbase_arkship_upgrades from database  file: common/starbase_buildings/00_arkship_component_buildings.txt line: 445
[01:35:04][economic_unit_template.cpp:37]: Failed to read key reference starbase_arkship_upgrades from database  file: common/starbase_buildings/00_arkship_component_buildings.txt line: 491
[01:35:04][economic_unit_template.cpp:37]: Failed to read key reference starbase_arkship_upgrades from database  file: common/starbase_buildings/00_arkship_component_buildings.txt line: 530
[01:35:04][economic_unit_template.cpp:37]: Failed to read key reference starbase_arkship_upgrades from database  file: common/starbase_buildings/00_arkship_component_buildings.txt line: 568
[01:35:04][economic_unit_template.cpp:37]: Failed to read key reference starbase_arkship_upgrades from database  file: common/starbase_buildings/00_arkship_component_buildings.txt line: 606
[01:35:04][economic_unit_template.cpp:37]: Failed to read key reference starbase_arkship_upgrades from database  file: common/starbase_buildings/00_arkship_component_buildings.txt line: 644
[01:35:04][economic_unit_template.cpp:37]: Failed to read key reference starbase_arkship_upgrades from database  file: common/starbase_buildings/00_arkship_component_buildings.txt line: 682
[01:35:04][economic_unit_template.cpp:37]: Failed to read key reference starbase_arkship_upgrades from database  file: common/starbase_buildings/00_arkship_component_buildings.txt line: 720
[01:35:04][economic_unit_template.cpp:37]: Failed to read key reference starbase_arkship_upgrades from database  file: common/starbase_buildings/00_arkship_component_buildings.txt line: 758
[01:35:04][economic_unit_template.cpp:37]: Failed to read key reference starbase_arkship_upgrades from database  file: common/starbase_buildings/00_arkship_component_buildings.txt line: 796
[01:35:04][economic_unit_template.cpp:37]: Failed to read key reference starbase_arkship_upgrades from database  file: common/starbase_buildings/00_arkship_component_buildings.txt line: 835
[01:35:05][parser_deferred_database_objects.cpp:84]: Failed to deferred read key reference cruise_passenger_unemployment from database  file: common/buildings/24_nomads_buildings.txt line: 89
[01:35:05][parser_deferred_database_objects.cpp:84]: Failed to deferred read key reference cruise_passenger_unemployment from database  file: common/buildings/24_nomads_buildings.txt line: 107
[01:35:05][parser_deferred_database_objects.cpp:84]: Failed to deferred read key reference cruise_passenger_unemployment from database  file: common/buildings/24_nomads_buildings.txt line: 125
[01:35:05][parser_deferred_database_objects.cpp:84]: Failed to deferred read key reference cruise_passenger_unemployment from database  file: common/buildings/24_nomads_buildings.txt line: 220
[01:35:05][parser_deferred_database_objects.cpp:84]: Failed to deferred read key reference cruise_passenger_unemployment from database  file: common/buildings/24_nomads_buildings.txt line: 238
[01:35:05][parser_deferred_database_objects.cpp:84]: Failed to deferred read key reference cruise_passenger_unemployment from database  file: common/buildings/24_nomads_buildings.txt line: 256
[01:35:05][parser_deferred_database_objects.cpp:84]: Failed to deferred read key reference titan_yards from database  file: common/ship_sizes/00_ship_sizes.txt line: 610
[01:35:05][parser_deferred_database_objects.cpp:84]: Failed to deferred read key reference colossus_yards from database  file: common/ship_sizes/01_colossi.txt line: 75
[01:35:05][parser_deferred_database_objects.cpp:84]: Failed to deferred read key reference colossus_yards from database  file: common/ship_sizes/18_juggernauts.txt line: 79
[01:35:05][technology_level.cpp:41]: Invalid technology being referenced: "tech_btr_uranium_warheads"
[01:35:05][parser_deferred_database_objects.cpp:84]: Failed to deferred read key reference tech_btr_uranium_warheads from database  file: common/edicts/btr_resource_edicts.txt line: 29
[01:35:05][parser_deferred_database_objects.cpp:84]: Failed to deferred read key reference ap_defender_of_the_galaxy_nomads from database  file: common/resolutions/00_resolutions.txt line: 7763
[01:35:05][parser_deferred_database_objects.cpp:84]: Failed to deferred read key reference ap_defender_of_the_galaxy_nomads from database  file: common/resolutions/01_resolutions_nemesis.txt line: 729
[01:35:05][parser_deferred_database_objects.cpp:84]: Failed to deferred read key reference ap_defender_of_the_galaxy_nomads from database  file: common/resolutions/01_resolutions_nemesis.txt line: 1377
[01:35:05][parser_deferred_database_objects.cpp:84]: Failed to deferred read key reference ap_defender_of_the_galaxy_nomads from database  file: common/resolutions/01_resolutions_nemesis.txt line: 1552
[01:35:05][parser_deferred_database_objects.cpp:84]: Failed to deferred read key reference ap_defender_of_the_galaxy_nomads from database  file: common/resolutions/01_resolutions_nemesis.txt line: 1709
[01:35:05][parser_deferred_database_objects.cpp:84]: Failed to deferred read key reference ap_defender_of_the_galaxy_nomads from database  file: common/resolutions/01_resolutions_nemesis.txt line: 1794
[01:35:05][parser_deferred_database_objects.cpp:84]: Failed to deferred read key reference ap_defender_of_the_galaxy_nomads from database  file: common/resolutions/01_resolutions_nemesis.txt line: 1860
[01:35:05][parser_deferred_database_objects.cpp:84]: Failed to deferred read key reference ap_defender_of_the_galaxy_nomads from database  file: common/resolutions/01_resolutions_nemesis.txt line: 2019
[01:35:05][parser_deferred_database_objects.cpp:84]: Failed to deferred read key reference ap_defender_of_the_galaxy_nomads from database  file: common/resolutions/01_resolutions_nemesis.txt line: 2178
[01:35:05][parser_deferred_database_objects.cpp:84]: Failed to deferred read key reference ap_defender_of_the_galaxy_nomads from database  file: common/resolutions/01_resolutions_nemesis.txt line: 2245
[01:35:05][parser_deferred_database_objects.cpp:84]: Failed to deferred read key reference ap_defender_of_the_galaxy_nomads from database  file: common/resolutions/01_resolutions_nemesis.txt line: 2430
[01:35:05][parser_deferred_database_objects.cpp:84]: Failed to deferred read key reference ap_defender_of_the_galaxy_nomads from database  file: common/resolutions/01_resolutions_nemesis.txt line: 2623
[01:35:05][parser_deferred_database_objects.cpp:84]: Failed to deferred read key reference ap_defender_of_the_galaxy_nomads from database  file: common/resolutions/01_resolutions_nemesis.txt line: 2783
[01:35:05][parser_deferred_database_objects.cpp:84]: Failed to deferred read key reference ap_defender_of_the_galaxy_nomads from database  file: common/resolutions/01_resolutions_nemesis.txt line: 2857
[01:35:05][parser_deferred_database_objects.cpp:84]: Failed to deferred read key reference ap_defender_of_the_galaxy_nomads from database  file: common/resolutions/01_resolutions_nemesis.txt line: 2929
[01:35:05][parser_deferred_database_objects.cpp:84]: Failed to deferred read key reference ap_defender_of_the_galaxy_nomads from database  file: common/resolutions/01_resolutions_nemesis.txt line: 3014
[01:35:05][parser_deferred_database_objects.cpp:84]: Failed to deferred read key reference ap_defender_of_the_galaxy_nomads from database  file: common/resolutions/01_resolutions_nemesis.txt line: 3092
[01:35:05][parser_deferred_database_objects.cpp:84]: Failed to deferred read key reference cruise_passenger from database  file: common/species_rights/living_standards/00_living_standards.txt line: 14
[01:35:05][parser_deferred_database_objects.cpp:84]: Failed to deferred read key reference cruise_passenger from database  file: common/species_rights/living_standards/00_living_standards.txt line: 26
[01:35:05][parser_deferred_database_objects.cpp:84]: Failed to deferred read key reference tiny from database  file: common/solar_system_initializers/overlord_initializers.txt line: 1717
[01:35:05][parser_deferred_database_objects.cpp:84]: Failed to deferred read key reference tiny from database  file: common/solar_system_initializers/overlord_initializers.txt line: 1729
[01:35:05][parser_deferred_database_objects.cpp:84]: Failed to deferred read key reference small from database  file: common/solar_system_initializers/overlord_initializers.txt line: 1730
[01:35:05][parser_deferred_database_objects.cpp:84]: Failed to deferred read key reference tiny from database  file: common/solar_system_initializers/overlord_initializers.txt line: 1742
[01:35:05][parser_deferred_database_objects.cpp:84]: Failed to deferred read key reference small from database  file: common/solar_system_initializers/overlord_initializers.txt line: 1743
[01:35:05][parser_deferred_database_objects.cpp:84]: Failed to deferred read key reference medium from database  file: common/solar_system_initializers/overlord_initializers.txt line: 1744
[01:35:05][parser_deferred_database_objects.cpp:84]: Failed to deferred read key reference r_ancient_generator from database  file: common/relics/btr_precursor_relics.txt:46(inline_script) common/inline_scripts/relics/activation_checks.txt line: 9
[01:35:05][parser_deferred_database_objects.cpp:84]: Failed to deferred read key reference r_prothean_beacon_asari from database  file: common/relics/btr_precursor_relics.txt:193(inline_script) common/inline_scripts/relics/activation_checks.txt line: 9
[01:35:05][parser_deferred_database_objects.cpp:84]: Failed to deferred read key reference prothean_beacon_volus from database  file: common/relics/btr_precursor_relics.txt line: 519
[01:35:05][parser_deferred_database_objects.cpp:84]: Failed to deferred read key reference d_food_7 from database  file: common/missions/missions/02_contracts.txt:2857(inline_script) common/inline_scripts/contracts/OnboardResourceContract.txt line: 58
[01:35:05][parser_deferred_database_objects.cpp:84]: Failed to deferred read key reference d_food_7 from database  file: common/missions/missions/02_contracts.txt:2857(inline_script) common/inline_scripts/contracts/OnboardResourceContract.txt line: 134
[01:35:05][parser_deferred_database_objects.cpp:84]: Failed to deferred read key reference d_food_7 from database  file: common/missions/missions/02_contracts.txt:2857(inline_script) common/inline_scripts/contracts/OnboardResourceContract.txt line: 161
[01:35:05][parser_deferred_database_objects.cpp:84]: Failed to deferred read key reference ap_defender_of_the_galaxy_nomads from database  file: events/ambition_events.txt line: 257
[01:35:05][parser_deferred_database_objects.cpp:84]: Failed to deferred read key reference ap_defender_of_the_galaxy_nomads from database  file: events/ambition_events.txt line: 299
[01:35:05][parser_deferred_database_objects.cpp:84]: Failed to deferred read key reference ap_defender_of_the_galaxy_nomads from database  file: events/ambition_events.txt line: 323
[01:35:05][parser_deferred_database_objects.cpp:84]: Failed to deferred read key reference ap_defender_of_the_galaxy_nomads from database  file: events/ambition_events.txt line: 331
[01:35:05][parser_deferred_database_objects.cpp:84]: Failed to deferred read key reference ap_defender_of_the_galaxy_nomads from database  file: events/ambition_events.txt line: 350
[01:35:05][parser_deferred_database_objects.cpp:84]: Failed to deferred read key reference ap_defender_of_the_galaxy_nomads from database  file: events/ambition_events.txt line: 387
[01:35:05][parser_deferred_database_objects.cpp:84]: Failed to deferred read key reference ap_defender_of_the_galaxy_nomads from database  file: events/ambition_events.txt line: 394
[01:35:05][parser_deferred_database_objects.cpp:84]: Failed to deferred read key reference tiny from database  file: events/galactic_features_events.txt line: 2817
[01:35:05][parser_deferred_database_objects.cpp:84]: Failed to deferred read key reference small from database  file: events/galactic_features_events.txt line: 2821
[01:35:05][parser_deferred_database_objects.cpp:84]: Failed to deferred read key reference medium from database  file: events/galactic_features_events.txt line: 2825
[01:35:05][parser_deferred_database_objects.cpp:84]: Failed to deferred read key reference large from database  file: events/galactic_features_events.txt line: 2829
[01:35:05][parser_deferred_database_objects.cpp:84]: Failed to deferred read key reference huge from database  file: events/galactic_features_events.txt line: 2833
[01:35:05][parser_deferred_database_objects.cpp:84]: Failed to deferred read key reference tiny from database  file: events/grand_archive_events.txt line: 797
[01:35:05][parser_deferred_database_objects.cpp:84]: Failed to deferred read key reference small from database  file: events/grand_archive_events.txt line: 801
[01:35:05][parser_deferred_database_objects.cpp:84]: Failed to deferred read key reference medium from database  file: events/grand_archive_events.txt line: 805
[01:35:05][parser_deferred_database_objects.cpp:84]: Failed to deferred read key reference large from database  file: events/grand_archive_events.txt line: 809
[01:35:05][parser_deferred_database_objects.cpp:84]: Failed to deferred read key reference huge from database  file: events/grand_archive_events.txt line: 813
[01:35:05][parser_deferred_database_objects.cpp:84]: Failed to deferred read key reference tiny from database  file: events/grand_archive_events.txt line: 3024
[01:35:05][parser_deferred_database_objects.cpp:84]: Failed to deferred read key reference small from database  file: events/grand_archive_events.txt line: 3033
[01:35:05][parser_deferred_database_objects.cpp:84]: Failed to deferred read key reference medium from database  file: events/grand_archive_events.txt line: 3042
[01:35:05][parser_deferred_database_objects.cpp:84]: Failed to deferred read key reference large from database  file: events/grand_archive_events.txt line: 3051
[01:35:05][parser_deferred_database_objects.cpp:84]: Failed to deferred read key reference huge from database  file: events/grand_archive_events.txt line: 3060
[01:35:05][parser_deferred_database_objects.cpp:84]: Failed to deferred read key reference ap_wanderlust from database  file: events/leviathans_events_1.txt line: 5194
[01:35:05][parser_deferred_database_objects.cpp:84]: Failed to deferred read key reference tiny from database  file: events/machine_age_crisis_events.txt line: 3171
[01:35:05][parser_deferred_database_objects.cpp:84]: Failed to deferred read key reference small from database  file: events/machine_age_crisis_events.txt line: 3190
[01:35:05][parser_deferred_database_objects.cpp:84]: Failed to deferred read key reference medium from database  file: events/machine_age_crisis_events.txt line: 3209
[01:35:05][parser_deferred_database_objects.cpp:84]: Failed to deferred read key reference large from database  file: events/machine_age_crisis_events.txt line: 3228
[01:35:05][parser_deferred_database_objects.cpp:84]: Failed to deferred read key reference huge from database  file: events/machine_age_crisis_events.txt line: 3247
[01:35:05][parser_deferred_database_objects.cpp:84]: Failed to deferred read key reference tiny from database  file: events/machine_age_crisis_events.txt line: 5468
[01:35:05][parser_deferred_database_objects.cpp:84]: Failed to deferred read key reference small from database  file: events/machine_age_crisis_events.txt line: 5468
[01:35:05][parser_deferred_database_objects.cpp:84]: Failed to deferred read key reference medium from database  file: events/machine_age_crisis_events.txt line: 5468
[01:35:05][parser_deferred_database_objects.cpp:84]: Failed to deferred read key reference large from database  file: events/machine_age_crisis_events.txt line: 5468
[01:35:05][parser_deferred_database_objects.cpp:84]: Failed to deferred read key reference huge from database  file: events/machine_age_crisis_events.txt line: 5468
[01:35:05][parser_deferred_database_objects.cpp:84]: Failed to deferred read key reference tiny from database  file: events/machine_age_crisis_events.txt line: 7909
[01:35:05][parser_deferred_database_objects.cpp:84]: Failed to deferred read key reference small from database  file: events/machine_age_crisis_events.txt line: 7913
[01:35:05][parser_deferred_database_objects.cpp:84]: Failed to deferred read key reference large from database  file: events/machine_age_crisis_events.txt line: 7917
[01:35:05][parser_deferred_database_objects.cpp:84]: Failed to deferred read key reference huge from database  file: events/machine_age_crisis_events.txt line: 7921
[01:35:05][parser_deferred_database_objects.cpp:84]: Failed to deferred read key reference tiny from database  file: events/machine_age_crisis_events.txt line: 7933
[01:35:05][parser_deferred_database_objects.cpp:84]: Failed to deferred read key reference small from database  file: events/machine_age_crisis_events.txt line: 7942
[01:35:05][parser_deferred_database_objects.cpp:84]: Failed to deferred read key reference medium from database  file: events/machine_age_crisis_events.txt line: 7951
[01:35:05][parser_deferred_database_objects.cpp:84]: Failed to deferred read key reference large from database  file: events/machine_age_crisis_events.txt line: 7960
[01:35:05][parser_deferred_database_objects.cpp:84]: Failed to deferred read key reference huge from database  file: events/machine_age_crisis_events.txt line: 7969
[01:35:05][parser_deferred_database_objects.cpp:84]: Failed to deferred read key reference huge from database  file: events/nemesis_crisis_events.txt line: 487
[01:35:05][parser_deferred_database_objects.cpp:84]: Failed to deferred read key reference large from database  file: events/nemesis_crisis_events.txt line: 487
[01:35:05][parser_deferred_database_objects.cpp:84]: Failed to deferred read key reference medium from database  file: events/nemesis_crisis_events.txt line: 487
[01:35:05][parser_deferred_database_objects.cpp:84]: Failed to deferred read key reference small from database  file: events/nemesis_crisis_events.txt line: 487
[01:35:05][parser_deferred_database_objects.cpp:84]: Failed to deferred read key reference tiny from database  file: events/nemesis_crisis_events.txt line: 487
[01:35:05][parser_deferred_database_objects.cpp:84]: Failed to deferred read key reference d_food_7 from database  file: events/nomads_events_1.txt line: 11146
[01:35:05][parser_deferred_database_objects.cpp:84]: Failed to deferred read key reference d_food_7 from database  file: events/nomads_events_1.txt line: 11173
[01:35:05][parser_deferred_database_objects.cpp:84]: Failed to deferred read key reference ap_wanderlust from database  file: events/nomads_events_1.txt line: 14055
[01:35:05][parser_deferred_database_objects.cpp:84]: Failed to deferred read key reference sc_crisis_binary_1 from database  file: common/decisions/15_nomads_dlc_decisions.txt line: 24
[01:35:05][parser_deferred_database_objects.cpp:84]: Failed to deferred read key reference sc_crisis_binary_1 from database  file: common/decisions/15_nomads_dlc_decisions.txt line: 41
[01:35:05][parser_deferred_database_objects.cpp:84]: Failed to deferred read key reference ap_eternal_vigilance_nomads from database  file: common/decisions/15_nomads_dlc_decisions.txt line: 261
[01:35:05][parser_deferred_database_objects.cpp:84]: Failed to deferred read key reference sc_crisis_binary_1 from database  file: common/starbase_modules/00_waystation_modules.txt line: 2011
[01:35:05][parser_deferred_database_objects.cpp:84]: Failed to deferred read key reference sc_crisis_binary_2 from database  file: common/starbase_modules/00_waystation_modules.txt line: 2014
[01:35:05][parser_deferred_database_objects.cpp:84]: Failed to deferred read key reference sc_crisis_binary_1 from database  file: common/starbase_modules/00_waystation_modules.txt line: 2116
[01:35:05][parser_deferred_database_objects.cpp:84]: Failed to deferred read key reference sc_crisis_binary_2 from database  file: common/starbase_modules/00_waystation_modules.txt line: 2119
[01:35:05][parser_deferred_database_objects.cpp:84]: Failed to deferred read key reference sc_crisis_binary_1 from database  file: common/starbase_modules/00_waystation_modules.txt line: 2221
[01:35:05][parser_deferred_database_objects.cpp:84]: Failed to deferred read key reference sc_crisis_binary_2 from database  file: common/starbase_modules/00_waystation_modules.txt line: 2224
[01:35:05][parser_deferred_database_objects.cpp:84]: Failed to deferred read key reference sc_crisis_binary_1 from database  file: common/starbase_modules/00_waystation_modules.txt line: 2315
[01:35:05][parser_deferred_database_objects.cpp:84]: Failed to deferred read key reference sc_crisis_binary_2 from database  file: common/starbase_modules/00_waystation_modules.txt line: 2318
