[02:17:55][dlc.cpp:339]: Invalid supported_version in  file: mod/USSpaceNavy.mod line: 8
[02:17:57][assetfactory_audio.cpp:686]: Sound 'advisor_notification_invasion_success_03' already scripted, second occurance at ' file: sound/btr_batarian_hegemony.asset line: 1051'
[02:17:57][assetfactory_audio.cpp:686]: Sound 'advisor_notification_invasion_success_03' already scripted, second occurance at ' file: sound/btr_geth_consensus.asset line: 1051'
[02:17:57][assetfactory_audio.cpp:686]: Sound 'advisor_notification_invasion_success_03' already scripted, second occurance at ' file: sound/btr_nazara.asset line: 1051'
[02:17:57][assetfactory_audio.cpp:686]: Sound 'advisor_notification_invasion_enemy_won_03' already scripted, second occurance at ' file: sound/humanoid_soundgroups.asset line: 898'
[02:17:57][assetfactory_audio.cpp:686]: Sound 'advisor_notification_invasion_success_03' already scripted, second occurance at ' file: sound/humanoid_soundgroups.asset line: 913'
[02:17:57][pdx_audio_util.cpp:169]: Could not find sound file 'sound/vo/ethics/egalitarian/advisor_notification_tile_blocker_clear_01.wav' in  file: sound/soundgroups.asset line: 966
[02:17:57][pdx_audio.cpp:1486]: Music with name 'btr_shepardsrequiem' already added
[02:17:57][pdx_audio_sdl.cpp:1226]: Sound file 'sound/vo/ethics/egalitarian/advisor_notification_tile_blocker_clear_01.wav' for sound 'advisor_notification_tile_blocker_clear_01' does not exist (soundgroup: 'l_egalitarian')
[02:17:57][pdx_audio.cpp:454]: Missing sound: ark_ship_idle_01
[02:17:57][pdx_audio.cpp:1200]: Missing sound effect: btr_renegade_alliance_advisor_notification_special_project_complete
[02:17:57][assetfactory_audio.cpp:925]: Unable to find sound effect 'btr_renegade_alliance_advisor_notification_special_project_complete' when assigning category 'Voice'
[02:17:57][pdx_audio.cpp:1200]: Missing sound effect: event_primitive_civilization
[02:17:57][assetfactory_audio.cpp:925]: Unable to find sound effect 'event_primitive_civilization' when assigning category 'Effects'
[02:17:57][assetfactory_audio.cpp:949]: SoundEffect 'tut_msg_unpause_galaxy_map' does not have a category assigned
[02:17:57][assetfactory_audio.cpp:949]: SoundEffect 'par_notification_leader_death' does not have a category assigned
[02:17:57][assetfactory_audio.cpp:949]: SoundEffect 'tut_evil_vir_asistance_shut_down' does not have a category assigned
[02:17:57][assetfactory_audio.cpp:949]: SoundEffect 'tut_msg_SHROUD_SHAPING' does not have a category assigned
[02:17:57][assetfactory_audio.cpp:949]: SoundEffect 'tut_msg_PLANETVIEW_COLONY_GOV' does not have a category assigned
[02:17:57][assetfactory_audio.cpp:949]: SoundEffect 'tut_msg_SHROUD_COVENANT' does not have a category assigned
[02:17:57][assetfactory_audio.cpp:949]: SoundEffect 'advisor_notification_incoming_transmission_01' does not have a category assigned
[02:17:57][assetfactory_audio.cpp:949]: SoundEffect 'tut_msg_SHROUD_AURA_INTENSIFICATION' does not have a category assigned
[02:17:57][assetfactory_audio.cpp:949]: SoundEffect 'tut_evil_vir_greeting' does not have a category assigned
[02:17:57][assetfactory_audio.cpp:949]: SoundEffect 'tut_msg_astral_thread_discovered' does not have a category assigned
[02:17:57][assetfactory_audio.cpp:949]: SoundEffect 'tut_msg_SHROUD_PATRON' does not have a category assigned
[02:17:57][assetfactory_audio.cpp:949]: SoundEffect 'tut_msg_detection_arrays' does not have a category assigned
[02:17:57][assetfactory_audio.cpp:949]: SoundEffect 'tut_msg_ASTRAL_ACTIONS_VIEW' does not have a category assigned
[02:17:57][assetfactory_audio.cpp:949]: SoundEffect 'tut_msg_science_ship_symbol' does not have a category assigned
[02:17:57][assetfactory_audio.cpp:949]: SoundEffect 'event_pre_ftl_civilization' does not have a category assigned
[02:17:57][assetfactory_audio.cpp:949]: SoundEffect 'tut_msg_DATABANK' does not have a category assigned
[02:17:57][assetfactory_audio.cpp:949]: SoundEffect 'tut_msg_SHROUD_PSIONIC_AURA' does not have a category assigned
[02:17:57][assetfactory_audio.cpp:949]: SoundEffect 'tut_msg_SHROUD_AURA_CLASHING' does not have a category assigned
[02:17:57][assetfactory_audio.cpp:949]: SoundEffect 'tut_msg_LEADER_LEVEL_UP' does not have a category assigned
[02:17:57][assetfactory_audio.cpp:949]: SoundEffect 'tut_msg_PLANETVIEW_MANAGEMENT' does not have a category assigned
[02:17:57][assetfactory_audio.cpp:949]: SoundEffect 'tut_msg_observation_post' does not have a category assigned
[02:17:57][assetfactory_audio.cpp:949]: SoundEffect 'tut_msg_preftl_society_discovered' does not have a category assigned
[02:17:57][assetfactory_audio.cpp:949]: SoundEffect 'tut_msg_COUNCIL_VIEW' does not have a category assigned
[02:17:57][assetfactory_audio.cpp:949]: SoundEffect 'tut_msg_ASTRAL_RIFT_VIEW' does not have a category assigned
[02:17:57][assetfactory_audio.cpp:949]: SoundEffect 'tut_evil_vir_error_assistance_mode_off' does not have a category assigned
[02:17:57][assetfactory_audio.cpp:949]: SoundEffect 'tut_evil_vir_dwam' does not have a category assigned
[02:17:57][assetfactory_audio.cpp:949]: SoundEffect 'tut_msg_EDICTS_AND_POLICIES' does not have a category assigned
[02:17:57][assetfactory_audio.cpp:949]: SoundEffect 'tut_msg_ASSIGN_COUNCILOR' does not have a category assigned
[02:17:57][assetfactory_audio.cpp:949]: SoundEffect 'tut_msg_STORM_FORECAST_MAP_MODE' does not have a category assigned
[02:17:57][assetfactory_audio.cpp:949]: SoundEffect 'tut_msg_SHROUD_TAB' does not have a category assigned
[02:17:57][assetfactory_audio.cpp:949]: SoundEffect 'tut_msg_STORM_PROTECTION' does not have a category assigned
[02:17:57][assetfactory_audio.cpp:949]: SoundEffect 'tut_evil_vir_error' does not have a category assigned
[02:17:57][assetfactory_audio.cpp:949]: SoundEffect 'tut_msg_preftl_diplomacy' does not have a category assigned
[02:17:57][assetfactory_audio.cpp:949]: SoundEffect 'btr_renegade_alliance_notification_special_project_complete' does not have a category assigned
[02:17:57][assetfactory_audio.cpp:949]: SoundEffect 'tut_evil_vir_assistance_mode_on' does not have a category assigned
[02:17:57][assetfactory_audio.cpp:949]: SoundEffect 'tut_msg_EMPIRE_FOCUS_TIMELINE' does not have a category assigned
[02:17:57][assetfactory_audio.cpp:949]: SoundEffect 'tut_msg_COLONIZATION' does not have a category assigned
[02:17:57][assetfactory_audio.cpp:949]: SoundEffect 'tut_evil_vir_amoebas' does not have a category assigned
[02:17:57][assetfactory_audio.cpp:949]: SoundEffect 'tut_msg_ELECTION_VIEW' does not have a category assigned
[02:17:57][assetfactory_audio.cpp:949]: SoundEffect 'tut_msg_cloaking_generators' does not have a category assigned
[02:17:57][assetfactory_audio.cpp:966]: Undefined sound effect 'btr_renegade_alliance_advisor_notification_special_project_complete' referenced in sound effect override in soundgroup 'btr_renegade_alliance'.
[02:17:57][pdx_audio.cpp:1200]: Missing sound effect: advisor_tutorial_agenda_ready
[02:17:57][assetfactory_audio.cpp:966]: Undefined sound effect 'advisor_tutorial_agenda_ready' referenced in sound effect override in soundgroup 'l_cybernetic_vir'.
[02:17:57][pdx_audio.cpp:1200]: Missing sound effect: advisor_tutorial_agenda_available
[02:17:57][assetfactory_audio.cpp:966]: Undefined sound effect 'advisor_tutorial_agenda_available' referenced in sound effect override in soundgroup 'l_cybernetic_vir'.
[02:17:57][assetfactory_audio.cpp:966]: Undefined sound effect 'advisor_tutorial_agenda_available' referenced in sound effect override in soundgroup 'l_nomad_vir'.
[02:17:57][assetfactory_audio.cpp:966]: Undefined sound effect 'advisor_tutorial_agenda_ready' referenced in sound effect override in soundgroup 'l_nomad_vir'.
[02:17:57][assetfactory_audio.cpp:966]: Undefined sound effect 'advisor_tutorial_agenda_ready' referenced in sound effect override in soundgroup 'l_psionic_vir'.
[02:17:57][assetfactory_audio.cpp:966]: Undefined sound effect 'advisor_tutorial_agenda_available' referenced in sound effect override in soundgroup 'l_psionic_vir'.
[02:17:57][assetfactory_audio.cpp:966]: Undefined sound effect 'advisor_tutorial_agenda_ready' referenced in sound effect override in soundgroup 'l_venerable_scientist_vir'.
[02:17:57][assetfactory_audio.cpp:966]: Undefined sound effect 'advisor_tutorial_agenda_available' referenced in sound effect override in soundgroup 'l_venerable_scientist_vir'.
[02:17:57][assetfactory_audio.cpp:966]: Undefined sound effect 'advisor_tutorial_agenda_ready' referenced in sound effect override in soundgroup 'l_wild_vir'.
[02:17:57][assetfactory_audio.cpp:966]: Undefined sound effect 'advisor_tutorial_agenda_available' referenced in sound effect override in soundgroup 'l_wild_vir'.
[02:17:59][pdx_particle.cpp:1940]: Particle name is not unique: btr_me_lens_flare_a_star
[02:17:59][pdx_particle.cpp:1940]: Particle name is not unique: btr_me_lens_flare_b_star
[02:17:59][pdx_particle.cpp:1940]: Particle name is not unique: btr_me_lens_flare_c_star
[02:17:59][pdx_particle.cpp:1940]: Particle name is not unique: btr_me_lens_flare_d_star
[02:17:59][pdx_particle.cpp:1940]: Particle name is not unique: btr_me_lens_flare_f_star
[02:17:59][pdx_particle.cpp:1940]: Particle name is not unique: btr_me_lens_flare_a_super_star
[02:17:59][pdx_particle.cpp:1940]: Particle name is not unique: btr_me_lens_flare_b_super_star
[02:17:59][pdx_particle.cpp:1940]: Particle name is not unique: btr_me_lens_flare_f_super_star
[02:17:59][pdx_particle.cpp:1940]: Particle name is not unique: btr_me_lens_flare_g_giant_star
[02:17:59][pdx_particle.cpp:1940]: Particle name is not unique: btr_me_lens_flare_c_giant_star
[02:17:59][pdx_particle.cpp:1940]: Particle name is not unique: btr_me_lens_flare_gm_giant_star
[02:17:59][pdx_particle.cpp:1940]: Particle name is not unique: btr_me_lens_flare_k_giant_star
[02:17:59][pdx_particle.cpp:1940]: Particle name is not unique: btr_me_lens_flare_k_star
[02:17:59][pdx_particle.cpp:1940]: Particle name is not unique: btr_me_lens_flare_k_super_star
[02:17:59][pdx_particle.cpp:1940]: Particle name is not unique: btr_me_lens_flare_lbv_blue_star
[02:17:59][pdx_particle.cpp:1940]: Particle name is not unique: btr_me_lens_flare_lbv_green_star
[02:17:59][pdx_particle.cpp:1940]: Particle name is not unique: btr_me_lens_flare_lbv_red_star
[02:17:59][pdx_particle.cpp:1940]: Particle name is not unique: btr_me_lens_flare_m_giant_star
[02:17:59][pdx_particle.cpp:1940]: Particle name is not unique: btr_me_lens_flare_m_hyper_star
[02:17:59][pdx_particle.cpp:1940]: Particle name is not unique: btr_me_lens_flare_m_star
[02:17:59][pdx_particle.cpp:1940]: Particle name is not unique: btr_me_lens_flare_m_super_star
[02:17:59][pdx_particle.cpp:1940]: Particle name is not unique: btr_me_lens_flare_neutron_star
[02:17:59][pdx_particle.cpp:1940]: Particle name is not unique: btr_me_lens_flare_o_hyper_star
[02:17:59][pdx_particle.cpp:1940]: Particle name is not unique: btr_me_lens_flare_o_star
[02:17:59][pdx_particle.cpp:1940]: Particle name is not unique: btr_me_lens_flare_o_super_star
[02:17:59][pdx_particle.cpp:1940]: Particle name is not unique: btr_me_lens_flare_s_giant_star
[02:17:59][pdx_particle.cpp:1940]: Particle name is not unique: btr_me_lens_flare_s_star
[02:17:59][pdx_particle.cpp:1940]: Particle name is not unique: btr_me_lens_flare_tt_red_star
[02:17:59][pdx_particle.cpp:1940]: Particle name is not unique: btr_me_lens_flare_w_azure_star
[02:17:59][pdx_particle.cpp:1940]: Particle name is not unique: btr_me_lens_flare_w_green_star
[02:17:59][pdx_particle.cpp:1940]: Particle name is not unique: btr_me_lens_flare_w_purple_star
[02:17:59][pdx_particle.cpp:1940]: Particle name is not unique: btr_me_lens_flare_w_red_star
[02:18:00][pdx_audiomusic_sdl.cpp:88]: For best performance and quality music files should be in 44.1kHz (btr_distantsignals)
[02:18:00][buttontype.cpp:22]: Inexistent sprite type "Empire_Select_Main" referenced at file: interface/WIP_loadgame_view.gui line: 28
[02:18:00][buttontype.cpp:22]: Inexistent sprite type "Empire_Select_Sidebar" referenced at file: interface/WIP_loadgame_view.gui line: 203
[02:18:00][buttontype.cpp:22]: Inexistent sprite type "Selected_Outline" referenced at file: interface/WIP_loadgame_view.gui line: 388
[02:18:00][buttontype.cpp:22]: Inexistent sprite type "Selected_Outline" referenced at file: interface/WIP_loadgame_view.gui line: 547
[02:18:00][persistent.cpp:41]: Error: "Unexpected token: containerWindowType, near line: 441
" in file: "interface/btr_topbar_traditions_view.gui" near line: 487
[02:18:00][3dicontype.cpp:20]: Inexistent sprite type "GFX_nomad_contract_icon" referenced at file: interface/contract_accept_view.gui line: 37
[02:18:00][3dicontype.cpp:20]: Inexistent sprite type "GFX_nomad_contract_icon" referenced at file: interface/contract_selection_view.gui line: 179
[02:18:00][3dicontype.cpp:20]: Inexistent sprite type "GFX_nomad_contract_icon" referenced at file: interface/contract_selection_view.gui line: 267
[02:18:00][buttontype.cpp:22]: Inexistent sprite type "GFX_toggle_nomad" referenced at file: interface/customize_species_editors.gui line: 3536
[02:18:00][3dicontype.cpp:20]: Inexistent sprite type "GFX_government_civic_selected_longer" referenced at file: interface/customize_species_editors.gui line: 3725
[02:18:00][buttontype.cpp:22]: Inexistent sprite type "GFX_galaxy_button_elliptical" referenced at file: interface/game_setup/setup.gui line: 579
[02:18:00][buttontype.cpp:22]: Inexistent sprite type "GFX_precursor_button" referenced at file: interface/game_setup/setup.gui line: 645
[02:18:00][buttontype.cpp:22]: Inexistent sprite type "GFX_precursor_vultaum" referenced at file: interface/game_setup/setup.gui line: 652
[02:18:00][3dicontype.cpp:20]: Inexistent sprite type "GFX_has_logistics_hub" referenced at file: interface/mapicons.gui line: 710
[02:18:00][buttontype.cpp:22]: Inexistent sprite type "GFX_nomad_contract_icon" referenced at file: interface/mapicons.gui line: 997
[02:18:00][3dicontype.cpp:20]: Inexistent sprite type "GFX_waystation_network_outliner" referenced at file: interface/outliner.gui line: 3118
[02:18:00][3dicontype.cpp:20]: Inexistent sprite type "GFX_arkship_blueprint_background" referenced at file: interface/planet_view.gui line: 359
[02:18:00][3dicontype.cpp:20]: Inexistent sprite type "GFX_arkship_blueprint_civilian_tier_1" referenced at file: interface/planet_view.gui line: 609
[02:18:00][persistent.cpp:41]: Error: "Unexpected token: scale, near line: 215
" in file: "interface/start_screen.gui" near line: 215
[02:18:00][3dicontype.cpp:20]: Inexistent sprite type "GFX_waystation_network_outliner" referenced at file: interface/waystation_view.gui line: 126
[02:18:00][texturehandler.cpp:66]: Texture Handler encountered missing texture file: gfx/interface/icons/ship_parts/ship_sizes_top.dds
[02:18:00][texturehandler.cpp:350]: Couldn't find texture file: gfx/interface/icons/ship_parts/ship_sizes_top.dds.
[02:18:00][spritetype.cpp:317]: Error initialising texture: gfx/interface/icons/ship_parts/ship_sizes_top.dds for spritetype GFX_ship_size_science_top
[02:18:00][texturehandler.cpp:66]: Texture Handler encountered missing texture file: gfx/interface/icons/ship_parts/ship_sizes_top_damaged.dds
[02:18:00][texturehandler.cpp:350]: Couldn't find texture file: gfx/interface/icons/ship_parts/ship_sizes_top_damaged.dds.
[02:18:00][spritetype.cpp:317]: Error initialising texture: gfx/interface/icons/ship_parts/ship_sizes_top_damaged.dds for spritetype GFX_ship_size_mauler_stage_3_top_damaged
[02:18:00][spritetype.cpp:317]: Error initialising texture: gfx/interface/icons/ship_parts/ship_sizes_top.dds for spritetype GFX_ship_size_tiyanki_top
[02:18:00][spritetype.cpp:317]: Error initialising texture: gfx/interface/icons/ship_parts/ship_sizes_top.dds for spritetype GFX_ship_size_military_4_top
[02:18:00][texturehandler.cpp:66]: Texture Handler encountered missing texture file: gfx/tiles/btr_start_screen_datapad.dds
[02:18:00][texturehandler.cpp:350]: Couldn't find texture file: gfx/tiles/btr_start_screen_datapad.dds.
[02:18:00][spritetype.cpp:317]: Error initialising texture: gfx/tiles/btr_start_screen_datapad.dds for spritetype GFX_btr_start_screen_bg
[02:18:01][spritetype.cpp:317]: Error initialising texture: gfx/interface/icons/ship_parts/ship_sizes_top_damaged.dds for spritetype GFX_ship_size_space_amoeba_top_damaged
[02:18:01][spritetype.cpp:317]: Error initialising texture: gfx/interface/icons/ship_parts/ship_sizes_top_damaged.dds for spritetype GFX_ship_size_mauler_stage_2_top_damaged
[02:18:01][spritetype.cpp:317]: Error initialising texture: gfx/interface/icons/ship_parts/ship_sizes_top_damaged.dds for spritetype GFX_ship_size_science_top_damaged
[02:18:01][spritetype.cpp:317]: Error initialising texture: gfx/interface/icons/ship_parts/ship_sizes_top_damaged.dds for spritetype GFX_ship_size_stinger_stage_2_top_damaged
[02:18:01][spritetype.cpp:317]: Error initialising texture: gfx/interface/icons/ship_parts/ship_sizes_top.dds for spritetype GFX_ship_size_mauler_stage_1_top
[02:18:01][spritetype.cpp:317]: Error initialising texture: gfx/interface/icons/ship_parts/ship_sizes_top_damaged.dds for spritetype GFX_ship_size_harbinger_stage_3_top_damaged
[02:18:01][spritetype.cpp:317]: Error initialising texture: gfx/interface/icons/ship_parts/ship_sizes_top_damaged.dds for spritetype GFX_ship_size_weaver_stage_2_top_damaged
[02:18:01][spritetype.cpp:317]: Error initialising texture: gfx/interface/icons/ship_parts/ship_sizes_top.dds for spritetype GFX_ship_size_military_16_top
[02:18:01][spritetype.cpp:317]: Error initialising texture: gfx/interface/icons/ship_parts/ship_sizes_top_damaged.dds for spritetype GFX_ship_size_military_16_top_damaged
[02:18:01][spritetype.cpp:317]: Error initialising texture: gfx/interface/icons/ship_parts/ship_sizes_top_damaged.dds for spritetype GFX_ship_size_harbinger_stage_2_top_damaged
[02:18:01][spritetype.cpp:317]: Error initialising texture: gfx/interface/icons/ship_parts/ship_sizes_top.dds for spritetype GFX_ship_size_stinger_stage_3_top
[02:18:01][spritetype.cpp:317]: Error initialising texture: gfx/interface/icons/ship_parts/ship_sizes_top.dds for spritetype GFX_ship_size_mauler_stage_3_top
[02:18:01][spritetype.cpp:317]: Error initialising texture: gfx/interface/icons/ship_parts/ship_sizes_top.dds for spritetype GFX_ship_size_weaver_stage_3_top
[02:18:01][spritetype.cpp:317]: Error initialising texture: gfx/interface/icons/ship_parts/ship_sizes_top_damaged.dds for spritetype GFX_ship_size_military_2_top_damaged
[02:18:01][texturehandler.cpp:66]: Texture Handler encountered missing texture file: gfx/interface/icons/btr_planet_type_icons_old.dds
[02:18:01][texturehandler.cpp:350]: Couldn't find texture file: gfx/interface/icons/btr_planet_type_icons_old.dds.
[02:18:01][spritetype.cpp:317]: Error initialising texture: gfx/interface/icons/btr_planet_type_icons_old.dds for spritetype GFX_planet_type
[02:18:01][spritetype.cpp:317]: Error initialising texture: gfx/interface/icons/ship_parts/ship_sizes_top_damaged.dds for spritetype GFX_ship_size_colonizer_top_damaged
[02:18:01][spritetype.cpp:317]: Error initialising texture: gfx/interface/icons/ship_parts/ship_sizes_top.dds for spritetype GFX_ship_size_military_8_top
[02:18:01][spritetype.cpp:317]: Error initialising texture: gfx/interface/icons/ship_parts/ship_sizes_top_damaged.dds for spritetype GFX_ship_size_military_1_torpedo_top_damaged
[02:18:01][spritetype.cpp:317]: Error initialising texture: gfx/interface/icons/ship_parts/ship_sizes_top_damaged.dds for spritetype GFX_ship_size_transport_top_damaged
[02:18:01][spritetype.cpp:317]: Error initialising texture: gfx/interface/icons/ship_parts/ship_sizes_top_damaged.dds for spritetype GFX_ship_size_weaver_stage_3_top_damaged
[02:18:01][spritetype.cpp:317]: Error initialising texture: gfx/interface/icons/ship_parts/ship_sizes_top.dds for spritetype GFX_ship_size_space_monster_top
[02:18:01][spritetype.cpp:317]: Error initialising texture: gfx/interface/icons/ship_parts/ship_sizes_top_damaged.dds for spritetype GFX_ship_size_crystalline_entity_top_damaged
[02:18:01][spritetype.cpp:317]: Error initialising texture: gfx/interface/icons/ship_parts/ship_sizes_top.dds for spritetype GFX_ship_size_weaver_stage_2_top
[02:18:01][spritetype.cpp:317]: Error initialising texture: gfx/interface/icons/ship_parts/ship_sizes_top_damaged.dds for spritetype GFX_ship_size_military_8_top_damaged
[02:18:01][spritetype.cpp:317]: Error initialising texture: gfx/interface/icons/ship_parts/ship_sizes_top.dds for spritetype GFX_ship_size_cutholoid_top
[02:18:01][spritetype.cpp:317]: Error initialising texture: gfx/interface/icons/ship_parts/ship_sizes_top.dds for spritetype GFX_ship_size_military_64_top
[02:18:01][spritetype.cpp:317]: Error initialising texture: gfx/interface/icons/ship_parts/ship_sizes_top.dds for spritetype GFX_ship_size_military_station_top
[02:18:01][spritetype.cpp:317]: Error initialising texture: gfx/interface/icons/ship_parts/ship_sizes_top_damaged.dds for spritetype GFX_ship_size_military_4_top_damaged
[02:18:01][spritetype.cpp:317]: Error initialising texture: gfx/interface/icons/ship_parts/ship_sizes_top_damaged.dds for spritetype GFX_ship_size_harbinger_stage_1_top_damaged
[02:18:01][spritetype.cpp:317]: Error initialising texture: gfx/interface/icons/ship_parts/ship_sizes_top_damaged.dds for spritetype GFX_ship_size_voidworm_top_damaged
[02:18:01][spritetype.cpp:317]: Error initialising texture: gfx/interface/icons/ship_parts/ship_sizes_top.dds for spritetype GFX_ship_size_harbinger_stage_2_top
[02:18:01][spritetype.cpp:317]: Error initialising texture: gfx/interface/icons/ship_parts/ship_sizes_top_damaged.dds for spritetype GFX_ship_size_weaver_stage_1_top_damaged
[02:18:01][spritetype.cpp:317]: Error initialising texture: gfx/interface/icons/ship_parts/ship_sizes_top_damaged.dds for spritetype GFX_ship_size_tiyanki_top_damaged
[02:18:01][spritetype.cpp:317]: Error initialising texture: gfx/interface/icons/ship_parts/ship_sizes_top_damaged.dds for spritetype GFX_ship_size_military_1_top_damaged
[02:18:01][spritetype.cpp:317]: Error initialising texture: gfx/interface/icons/ship_parts/ship_sizes_top_damaged.dds for spritetype GFX_ship_size_military_64_top_damaged
[02:18:01][spritetype.cpp:317]: Error initialising texture: gfx/interface/icons/ship_parts/ship_sizes_top.dds for spritetype GFX_ship_size_military_1_torpedo_top
[02:18:01][spritetype.cpp:317]: Error initialising texture: gfx/interface/icons/ship_parts/ship_sizes_top_damaged.dds for spritetype GFX_ship_size_space_monster_top_damaged
[02:18:01][spritetype.cpp:317]: Error initialising texture: gfx/interface/icons/ship_parts/ship_sizes_top_damaged.dds for spritetype GFX_ship_size_stinger_stage_1_top_damaged
[02:18:01][spritetype.cpp:317]: Error initialising texture: gfx/interface/icons/ship_parts/ship_sizes_top.dds for spritetype GFX_ship_size_military_2_top
[02:18:01][spritetype.cpp:317]: Error initialising texture: gfx/interface/icons/ship_parts/ship_sizes_top.dds for spritetype GFX_ship_size_harbinger_stage_3_top
[02:18:01][spritetype.cpp:317]: Error initialising texture: gfx/interface/icons/ship_parts/ship_sizes_top.dds for spritetype GFX_ship_size_weaver_stage_1_top
[02:18:01][spritetype.cpp:317]: Error initialising texture: gfx/interface/icons/ship_parts/ship_sizes_top.dds for spritetype GFX_ship_size_harbinger_stage_1_top
[02:18:01][spritetype.cpp:317]: Error initialising texture: gfx/interface/icons/ship_parts/ship_sizes_top_damaged.dds for spritetype GFX_ship_size_cutholoid_top_damaged
[02:18:01][spritetype.cpp:317]: Error initialising texture: gfx/interface/icons/ship_parts/ship_sizes_top_damaged.dds for spritetype GFX_ship_size_mauler_stage_1_top_damaged
[02:18:01][spritetype.cpp:317]: Error initialising texture: gfx/interface/icons/ship_parts/ship_sizes_top.dds for spritetype GFX_ship_sizes_top
[02:18:01][spritetype.cpp:317]: Error initialising texture: gfx/interface/icons/ship_parts/ship_sizes_top_damaged.dds for spritetype GFX_ship_size_voidworm_troika_top_damaged
[02:18:01][spritetype.cpp:317]: Error initialising texture: gfx/interface/icons/ship_parts/ship_sizes_top.dds for spritetype GFX_ship_size_constructor_top
[02:18:01][spritetype.cpp:317]: Error initialising texture: gfx/interface/icons/ship_parts/ship_sizes_top.dds for spritetype GFX_ship_size_military_1_top
[02:18:01][spritetype.cpp:317]: Error initialising texture: gfx/interface/icons/ship_parts/ship_sizes_top.dds for spritetype GFX_ship_size_transport_top
[02:18:01][spritetype.cpp:317]: Error initialising texture: gfx/interface/icons/ship_parts/ship_sizes_top.dds for spritetype GFX_ship_size_mauler_stage_2_top
[02:18:01][spritetype.cpp:317]: Error initialising texture: gfx/interface/icons/ship_parts/ship_sizes_top.dds for spritetype GFX_ship_size_space_amoeba_top
[02:18:01][spritetype.cpp:317]: Error initialising texture: gfx/interface/icons/ship_parts/ship_sizes_top.dds for spritetype GFX_ship_size_stinger_stage_2_top
[02:18:01][spritetype.cpp:317]: Error initialising texture: gfx/interface/icons/ship_parts/ship_sizes_top_damaged.dds for spritetype GFX_ship_size_military_station_top_damaged
[02:18:01][spritetype.cpp:317]: Error initialising texture: gfx/interface/icons/ship_parts/ship_sizes_top.dds for spritetype GFX_ship_size_military_32_top
[02:18:01][spritetype.cpp:317]: Error initialising texture: gfx/interface/icons/ship_parts/ship_sizes_top_damaged.dds for spritetype GFX_ship_size_military_32_top_damaged
[02:18:01][spritetype.cpp:317]: Error initialising texture: gfx/interface/icons/ship_parts/ship_sizes_top.dds for spritetype GFX_ship_size_voidworm_top
[02:18:01][spritetype.cpp:317]: Error initialising texture: gfx/interface/icons/ship_parts/ship_sizes_top.dds for spritetype GFX_ship_size_crystalline_entity_top
[02:18:01][spritetype.cpp:317]: Error initialising texture: gfx/interface/icons/ship_parts/ship_sizes_top.dds for spritetype GFX_ship_size_voidworm_troika_top
[02:18:01][spritetype.cpp:317]: Error initialising texture: gfx/interface/icons/ship_parts/ship_sizes_top.dds for spritetype GFX_ship_size_stinger_stage_1_top
[02:18:01][spritetype.cpp:317]: Error initialising texture: gfx/interface/icons/ship_parts/ship_sizes_top.dds for spritetype GFX_ship_size_colonizer_top
[02:18:01][spritetype.cpp:317]: Error initialising texture: gfx/interface/icons/ship_parts/ship_sizes_top_damaged.dds for spritetype GFX_ship_size_constructor_top_damaged
[02:18:01][texturehandler.cpp:66]: Texture Handler encountered missing texture file: gfx/tiles/MP_BG_BTR.dds
[02:18:01][texturehandler.cpp:350]: Couldn't find texture file: gfx/tiles/MP_BG_BTR.dds.
[02:18:01][spritetype.cpp:317]: Error initialising texture: gfx/interface/icons/ship_parts/ship_sizes_top_damaged.dds for spritetype GFX_ship_sizes_top_damaged
[02:18:01][spritetype.cpp:317]: Error initialising texture: gfx/interface/icons/ship_parts/ship_sizes_top_damaged.dds for spritetype GFX_ship_size_stinger_stage_3_top_damaged
[02:18:02][graphics.cpp:520]: a 3d-type with the name "btr_me_lens_flare_w_purple_star" already exists!  file: gfx/particles/btr_me_lens_flare_particles.gfx line: 218
[02:18:06][pdxassetutil.cpp:146]: Failed to find texture 'btr_rachni_20_body.png'
[02:18:08][pdxassetutil.cpp:146]: Failed to find texture 'btr_batarian_female_face_paint_01_test.dds'
[02:18:08][texturehandler.cpp:66]: Texture Handler encountered missing texture file: gfx/models/portraits/btr_08_batarian/btr_batarian_female_face_paint_01_test.dds
[02:18:10][pdxassetutil.cpp:604]: Failed to create material with shader PdxMeshPlanetRingsRS for mesh [patternShape] in gfx/models/planets/gas_giant_rings_01.mesh
[02:18:10][pdxassetutil.cpp:604]: Failed to create material with shader PdxMeshPlanetRingsRS for mesh [patternShape] in gfx/models/planets/gas_giant_rings_02.mesh
[02:18:10][graphics/pdx_entity.cpp:2559]: Duplicate of gaia_planet_01_entity added to entity system
[02:18:10][graphics/pdx_entity.cpp:251]: Could not find animation "idle2" for state "idle" in entity "portrait_hanar_01_entity"
[02:18:10][graphics/pdx_entity.cpp:251]: Could not find animation "idle3" for state "idle" in entity "portrait_hanar_01_entity"
[02:18:11][pdx_audio.cpp:1200]: Missing sound effect: space_ark_idle
[02:18:11][graphics/pdx_entity.cpp:147]: Couldn't find sound effect: "space_ark_idle"
[02:18:11][modifier.cpp:3285]: Missing modifier localization: agenda_galactism_finish
[02:18:11][modifier.cpp:3285]: Missing modifier localization: agenda_self_finish
[02:18:11][modifier.cpp:3285]: Missing modifier localization: agenda_intervention_finish
[02:18:11][modifier.cpp:3285]: Missing modifier localization: agenda_multicultural_finish
[02:18:11][modifier.cpp:3285]: Missing modifier localization: agenda_systems_finish
[02:18:11][modifier.cpp:3285]: Missing modifier localization: agenda_cruiser_finish
[02:18:11][modifier.cpp:3285]: Missing modifier localization: agenda_battleship_finish
[02:18:11][modifier.cpp:3285]: Missing modifier localization: agenda_carrier_finish
[02:18:11][modifier.cpp:3285]: Missing modifier localization: agenda_military_finish
[02:18:11][modifier.cpp:3285]: Missing modifier localization: agenda_frontier_finish
[02:18:11][modifier.cpp:3285]: Missing modifier localization: agenda_centralization_finish
[02:18:11][modifier.cpp:3285]: Missing modifier localization: agenda_communal_finish
[02:18:11][game_singleobjectdatabase.h:170]: Object with key: has_any_generator_district_or_building already exists, using the one at  file: common/scripted_triggers/btr_planetarystations_scripted_triggers.txt line: 189
[02:18:11][game_singleobjectdatabase.h:170]: Object with key: generate_citadel_council_starting_resources already exists, using the one at  file: common/scripted_effects/btr_game_start_empire_resources_effects.txt line: 1320
[02:18:12][strategic_resource.cpp:473]: Did not find an icon for resource: reaper_artifacts
[02:18:12][strategic_resource.cpp:499]: Did not find a greyscale icon for resource: reaper_artifacts
[02:18:12][game_singleobjectdatabase.h:170]: Object with key: planet_gladiators already exists, using the one at  file: common/economic_categories/btr_planetarystations_categories.txt line: 56
[02:18:12][ambient_object_database.cpp:39]: invalid entity "dark_purple_globule_entity_medium". Switching to fallback.  file: common/ambient_objects/realspace_ambient_objects.txt line: 112
[02:18:12][ambient_object_database.cpp:39]: invalid entity "dark_purple_globule_entity_small". Switching to fallback.  file: common/ambient_objects/realspace_ambient_objects.txt line: 118
[02:18:12][ambient_object_database.cpp:39]: invalid entity "dark_orange_globule_entity_medium". Switching to fallback.  file: common/ambient_objects/realspace_ambient_objects.txt line: 127
[02:18:12][ambient_object_database.cpp:39]: invalid entity "dark_orange_globule_entity_small". Switching to fallback.  file: common/ambient_objects/realspace_ambient_objects.txt line: 133
[02:18:12][ambient_object_database.cpp:39]: invalid entity "dark_red_globule_entity_medium". Switching to fallback.  file: common/ambient_objects/realspace_ambient_objects.txt line: 142
[02:18:12][ambient_object_database.cpp:39]: invalid entity "dark_red_globule_entity_small". Switching to fallback.  file: common/ambient_objects/realspace_ambient_objects.txt line: 148
[02:18:12][ambient_object_database.cpp:39]: invalid entity "dark_blue_globule_entity_medium". Switching to fallback.  file: common/ambient_objects/realspace_ambient_objects.txt line: 157
[02:18:12][ambient_object_database.cpp:39]: invalid entity "dark_blue_globule_entity_small". Switching to fallback.  file: common/ambient_objects/realspace_ambient_objects.txt line: 163
[02:18:12][ambient_object_database.cpp:39]: invalid entity "protostar_nebula_entity". Switching to fallback.  file: common/ambient_objects/realspace_system_effects.txt line: 1107
[02:18:12][ambient_object_database.cpp:39]: invalid entity "collapsar_nebula_entity". Switching to fallback.  file: common/ambient_objects/realspace_system_effects.txt line: 1115
[02:18:12][ambient_object_database.cpp:39]: invalid entity "dark_purple_nebula_1_entity". Switching to fallback.  file: common/ambient_objects/realspace_system_effects.txt line: 1123
[02:18:12][ambient_object_database.cpp:39]: invalid entity "dark_purple_nebula_2_entity". Switching to fallback.  file: common/ambient_objects/realspace_system_effects.txt line: 1131
[02:18:12][ambient_object_database.cpp:39]: invalid entity "dark_orange_nebula_1_entity". Switching to fallback.  file: common/ambient_objects/realspace_system_effects.txt line: 1139
[02:18:12][ambient_object_database.cpp:39]: invalid entity "dark_orange_nebula_2_entity". Switching to fallback.  file: common/ambient_objects/realspace_system_effects.txt line: 1147
[02:18:12][ambient_object_database.cpp:39]: invalid entity "dark_red_nebula_1_entity". Switching to fallback.  file: common/ambient_objects/realspace_system_effects.txt line: 1155
[02:18:12][ambient_object_database.cpp:39]: invalid entity "dark_red_nebula_2_entity". Switching to fallback.  file: common/ambient_objects/realspace_system_effects.txt line: 1163
[02:18:12][ambient_object_database.cpp:39]: invalid entity "dark_blue_nebula_1_entity". Switching to fallback.  file: common/ambient_objects/realspace_system_effects.txt line: 1171
[02:18:12][ambient_object_database.cpp:39]: invalid entity "dark_blue_nebula_2_entity". Switching to fallback.  file: common/ambient_objects/realspace_system_effects.txt line: 1179
[02:18:12][trigger.cpp:635]: Wrong scope for trigger 'has_job_type' at  file: gfx/portraits/asset_selectors/btr_01_asari_outfits.txt line: 310
Current Scope: pop_group
Supported Scopes: pop job
[02:18:12][portraits.cpp:814]: could not find entity stellaris_frontend_root_entity.  file: gfx/portraits/portraits/00_portraits_main.txt line: 257
[02:18:12][portraits.cpp:929]: Invalid portrait configuration specified for "debug"[02:18:12][portraits.cpp:586]: Cannot find character texture file 'gfx/models/portraits/husk/husk_humanoid_02_male_body.dds' mentioned at ' file: gfx/portraits/portraits/btr_22_reaper_portraits.txt line: 6'
[02:18:12][portraits.cpp:814]: could not find entity portrait_asari_female_entity.  file: gfx/portraits/portraits/btr_asari_01_portraits.txt line: 16
[02:18:12][pdx_audio.cpp:1200]: Missing sound effect: asari_female_greetings_03
[02:18:12][portraits.cpp:878]: couldn't find sound effect "asari_female_greetings_03".  file: gfx/portraits/portraits/btr_asari_01_portraits.txt line: 19
[02:18:12][portraits.cpp:586]: Cannot find character texture file 'gfx/models/portraits/asari/asari_female_body_latina_brown_eyes.dds' mentioned at ' file: gfx/portraits/portraits/btr_asari_01_portraits.txt line: 22'
[02:18:12][portraits.cpp:586]: Cannot find character texture file 'gfx/models/portraits/asari/asari_female_body_latina_light_brown_eyes.dds' mentioned at ' file: gfx/portraits/portraits/btr_asari_01_portraits.txt line: 23'
[02:18:12][portraits.cpp:586]: Cannot find character texture file 'gfx/models/portraits/asari/asari_female_body_latina_green_eyes.dds' mentioned at ' file: gfx/portraits/portraits/btr_asari_01_portraits.txt line: 24'
[02:18:12][portraits.cpp:586]: Cannot find character texture file 'gfx/models/portraits/asari/asari_female_body_latina_blue_eyes.dds' mentioned at ' file: gfx/portraits/portraits/btr_asari_01_portraits.txt line: 25'
[02:18:12][portraits.cpp:586]: Cannot find character texture file 'gfx/models/portraits/asari/asari_female_body_latina_hazel_eyes.dds' mentioned at ' file: gfx/portraits/portraits/btr_asari_01_portraits.txt line: 26'
[02:18:12][portraits.cpp:929]: Invalid portrait configuration specified for "asari_female_01"[02:18:12][portraits.cpp:814]: could not find entity portrait_asari_female_entity.  file: gfx/portraits/portraits/btr_asari_01_portraits.txt line: 33
[02:18:12][pdx_audio.cpp:1200]: Missing sound effect: asari_female_greetings_04
[02:18:12][portraits.cpp:878]: couldn't find sound effect "asari_female_greetings_04".  file: gfx/portraits/portraits/btr_asari_01_portraits.txt line: 36
[02:18:12][portraits.cpp:586]: Cannot find character texture file 'gfx/models/portraits/asari/asari_female_body_asian_brown_eyes.dds' mentioned at ' file: gfx/portraits/portraits/btr_asari_01_portraits.txt line: 39'
[02:18:12][portraits.cpp:586]: Cannot find character texture file 'gfx/models/portraits/asari/asari_female_body_asian_light_brown_eyes.dds' mentioned at ' file: gfx/portraits/portraits/btr_asari_01_portraits.txt line: 40'
[02:18:12][portraits.cpp:586]: Cannot find character texture file 'gfx/models/portraits/asari/asari_female_body_asian_green_eyes.dds' mentioned at ' file: gfx/portraits/portraits/btr_asari_01_portraits.txt line: 41'
[02:18:12][portraits.cpp:586]: Cannot find character texture file 'gfx/models/portraits/asari/asari_female_body_asian_blue_eyes.dds' mentioned at ' file: gfx/portraits/portraits/btr_asari_01_portraits.txt line: 42'
[02:18:12][portraits.cpp:586]: Cannot find character texture file 'gfx/models/portraits/asari/asari_female_body_asian_hazel_eyes.dds' mentioned at ' file: gfx/portraits/portraits/btr_asari_01_portraits.txt line: 43'
[02:18:12][portraits.cpp:929]: Invalid portrait configuration specified for "asari_female_02"[02:18:12][portraits.cpp:814]: could not find entity portrait_asari_female_entity.  file: gfx/portraits/portraits/btr_asari_01_portraits.txt line: 50
[02:18:12][pdx_audio.cpp:1200]: Missing sound effect: asari_female_greetings_05
[02:18:12][portraits.cpp:878]: couldn't find sound effect "asari_female_greetings_05".  file: gfx/portraits/portraits/btr_asari_01_portraits.txt line: 53
[02:18:12][portraits.cpp:586]: Cannot find character texture file 'gfx/models/portraits/asari/asari_female_body_mideastern_brown_eyes.dds' mentioned at ' file: gfx/portraits/portraits/btr_asari_01_portraits.txt line: 56'
[02:18:12][portraits.cpp:586]: Cannot find character texture file 'gfx/models/portraits/asari/asari_female_body_mideastern_light_brown_eyes.dds' mentioned at ' file: gfx/portraits/portraits/btr_asari_01_portraits.txt line: 57'
[02:18:12][portraits.cpp:586]: Cannot find character texture file 'gfx/models/portraits/asari/asari_female_body_mideastern_green_eyes.dds' mentioned at ' file: gfx/portraits/portraits/btr_asari_01_portraits.txt line: 58'
[02:18:12][portraits.cpp:586]: Cannot find character texture file 'gfx/models/portraits/asari/asari_female_body_mideastern_blue_eyes.dds' mentioned at ' file: gfx/portraits/portraits/btr_asari_01_portraits.txt line: 59'
[02:18:12][portraits.cpp:586]: Cannot find character texture file 'gfx/models/portraits/asari/asari_female_body_mideastern_hazel_eyes.dds' mentioned at ' file: gfx/portraits/portraits/btr_asari_01_portraits.txt line: 60'
[02:18:12][portraits.cpp:929]: Invalid portrait configuration specified for "asari_female_03"[02:18:12][portraits.cpp:814]: could not find entity portrait_asari_female_entity.  file: gfx/portraits/portraits/btr_asari_01_portraits.txt line: 67
[02:18:12][pdx_audio.cpp:1200]: Missing sound effect: asari_female_greetings_01
[02:18:12][portraits.cpp:878]: couldn't find sound effect "asari_female_greetings_01".  file: gfx/portraits/portraits/btr_asari_01_portraits.txt line: 70
[02:18:12][portraits.cpp:586]: Cannot find character texture file 'gfx/models/portraits/asari/asari_female_body_caucasian_brown_eyes.dds' mentioned at ' file: gfx/portraits/portraits/btr_asari_01_portraits.txt line: 73'
[02:18:12][portraits.cpp:586]: Cannot find character texture file 'gfx/models/portraits/asari/asari_female_body_caucasian_light_brown_eyes.dds' mentioned at ' file: gfx/portraits/portraits/btr_asari_01_portraits.txt line: 74'
[02:18:12][portraits.cpp:586]: Cannot find character texture file 'gfx/models/portraits/asari/asari_female_body_caucasian_green_eyes.dds' mentioned at ' file: gfx/portraits/portraits/btr_asari_01_portraits.txt line: 75'
[02:18:12][portraits.cpp:586]: Cannot find character texture file 'gfx/models/portraits/asari/asari_female_body_caucasian_blue_eyes.dds' mentioned at ' file: gfx/portraits/portraits/btr_asari_01_portraits.txt line: 76'
[02:18:12][portraits.cpp:586]: Cannot find character texture file 'gfx/models/portraits/asari/asari_female_body_caucasian_hazel_eyes.dds' mentioned at ' file: gfx/portraits/portraits/btr_asari_01_portraits.txt line: 77'
[02:18:12][portraits.cpp:929]: Invalid portrait configuration specified for "asari_female_04"[02:18:12][portraits.cpp:814]: could not find entity portrait_asari_female_entity.  file: gfx/portraits/portraits/btr_asari_01_portraits.txt line: 84
[02:18:12][pdx_audio.cpp:1200]: Missing sound effect: asari_female_greetings_02
[02:18:12][portraits.cpp:878]: couldn't find sound effect "asari_female_greetings_02".  file: gfx/portraits/portraits/btr_asari_01_portraits.txt line: 87
[02:18:12][portraits.cpp:586]: Cannot find character texture file 'gfx/models/portraits/asari/asari_female_body_african_brown_eyes.dds' mentioned at ' file: gfx/portraits/portraits/btr_asari_01_portraits.txt line: 90'
[02:18:12][portraits.cpp:586]: Cannot find character texture file 'gfx/models/portraits/asari/asari_female_body_african_light_brown_eyes.dds' mentioned at ' file: gfx/portraits/portraits/btr_asari_01_portraits.txt line: 91'
[02:18:12][portraits.cpp:586]: Cannot find character texture file 'gfx/models/portraits/asari/asari_female_body_african_green_eyes.dds' mentioned at ' file: gfx/portraits/portraits/btr_asari_01_portraits.txt line: 92'
[02:18:12][portraits.cpp:586]: Cannot find character texture file 'gfx/models/portraits/asari/asari_female_body_african_blue_eyes.dds' mentioned at ' file: gfx/portraits/portraits/btr_asari_01_portraits.txt line: 93'
[02:18:12][portraits.cpp:586]: Cannot find character texture file 'gfx/models/portraits/asari/asari_female_body_african_hazel_eyes.dds' mentioned at ' file: gfx/portraits/portraits/btr_asari_01_portraits.txt line: 94'
[02:18:12][portraits.cpp:929]: Invalid portrait configuration specified for "asari_female_05"[02:18:12][portraits.cpp:963]: Error: "Unexpected token: bte_asari_02_clothes_01, near line: 3
" in file: "gfx/portraits/portraits/btr_asari_clothes_01.txt" near line: 56
[02:18:12][portraits.cpp:963]: Error: "Unexpected token: btr_asari_facepaint_1, near line: 58
" in file: "gfx/portraits/portraits/btr_asari_clothes_01.txt" near line: 87
[02:18:13][effect.cpp:529]: Wrong scope for effect 'planet_event' at  file: common/buildings/02_government_buildings.txt line: 1373
Current Scope: colony
Supported Scopes: planet
[02:18:13][effect.cpp:529]: Wrong scope for effect 'planet_event' at  file: common/buildings/02_government_buildings.txt line: 1455
Current Scope: colony
Supported Scopes: planet
[02:18:13][localization_util.cpp:26]: Missing localization key [job_culture_worker_effect_desc] common/buildings/btr_empire_unique_buildings.txt:49
[02:18:14][economic_unit_template.cpp:37]: Failed to read key reference starbase_waystations from database  file: common/ship_sizes/00_waystations.txt line: 21
[02:18:14][economic_unit_template.cpp:37]: Failed to read key reference starbase_waystations from database  file: common/ship_sizes/00_waystations.txt line: 101
[02:18:14][economic_unit_template.cpp:37]: Failed to read key reference starbase_waystations from database  file: common/ship_sizes/00_waystations.txt line: 213
[02:18:16][persistent.cpp:41]: Error: "Unexpected token: entropy_crystals, near line: 73
" in file: "common/ship_sizes/28_infernals_ships.txt" near line: 73
[02:18:16][persistent.cpp:41]: Error: "Unexpected token: entropy_crystals, near line: 77
" in file: "common/ship_sizes/28_infernals_ships.txt" near line: 77
[02:18:16][persistent.cpp:41]: Error: "Unexpected token: entropy_crystals, near line: 154
" in file: "common/ship_sizes/28_infernals_ships.txt" near line: 154
[02:18:16][persistent.cpp:41]: Error: "Unexpected token: entropy_crystals, near line: 158
" in file: "common/ship_sizes/28_infernals_ships.txt" near line: 158
[02:18:16][ship_size.cpp:1570]: Ship size 'paladin_ship' contains 'icon' entry that point to unknown sprite 'ship_size_paladin'.File 'common/ship_sizes/29_nomads_dlc_ships.txt', lines [4-97].
[02:18:16][economic_unit_template.cpp:37]: Failed to read key reference starbase_arkships from database  file: common/ship_sizes/29_nomads_dlc_ships.txt line: 207
[02:18:16][ship_size.cpp:1570]: Ship size 'civilian_arkship_tier_1' contains 'icon' entry that point to unknown sprite 'ship_size_civilian_arkship_tier_1'.File 'common/ship_sizes/29_nomads_dlc_ships.txt', lines [104-223].
[02:18:16][economic_unit_template.cpp:37]: Failed to read key reference starbase_arkships from database  file: common/ship_sizes/29_nomads_dlc_ships.txt line: 332
[02:18:16][ship_size.cpp:1570]: Ship size 'civilian_arkship_tier_2' contains 'icon' entry that point to unknown sprite 'ship_size_civilian_arkship_tier_2'.File 'common/ship_sizes/29_nomads_dlc_ships.txt', lines [225-352].
[02:18:16][economic_unit_template.cpp:37]: Failed to read key reference starbase_arkships from database  file: common/ship_sizes/29_nomads_dlc_ships.txt line: 464
[02:18:16][ship_size.cpp:1570]: Ship size 'civilian_arkship_tier_3' contains 'icon' entry that point to unknown sprite 'ship_size_civilian_arkship_tier_3'.File 'common/ship_sizes/29_nomads_dlc_ships.txt', lines [354-484].
[02:18:16][economic_unit_template.cpp:37]: Failed to read key reference starbase_arkships from database  file: common/ship_sizes/29_nomads_dlc_ships.txt line: 592
[02:18:16][ship_size.cpp:1570]: Ship size 'science_arkship_tier_1' contains 'icon' entry that point to unknown sprite 'ship_size_science_arkship_tier_1'.File 'common/ship_sizes/29_nomads_dlc_ships.txt', lines [486-608].
[02:18:16][economic_unit_template.cpp:37]: Failed to read key reference starbase_arkships from database  file: common/ship_sizes/29_nomads_dlc_ships.txt line: 719
[02:18:16][ship_size.cpp:1570]: Ship size 'science_arkship_tier_2' contains 'icon' entry that point to unknown sprite 'ship_size_science_arkship_tier_2'.File 'common/ship_sizes/29_nomads_dlc_ships.txt', lines [610-739].
[02:18:16][economic_unit_template.cpp:37]: Failed to read key reference starbase_arkships from database  file: common/ship_sizes/29_nomads_dlc_ships.txt line: 853
[02:18:16][ship_size.cpp:1570]: Ship size 'science_arkship_tier_3' contains 'icon' entry that point to unknown sprite 'ship_size_science_arkship_tier_3'.File 'common/ship_sizes/29_nomads_dlc_ships.txt', lines [741-873].
[02:18:16][economic_unit_template.cpp:37]: Failed to read key reference starbase_arkships from database  file: common/ship_sizes/29_nomads_dlc_ships.txt line: 980
[02:18:16][ship_size.cpp:1570]: Ship size 'military_arkship_tier_1' contains 'icon' entry that point to unknown sprite 'ship_size_military_arkship_tier_1'.File 'common/ship_sizes/29_nomads_dlc_ships.txt', lines [875-996].
[02:18:16][economic_unit_template.cpp:37]: Failed to read key reference starbase_arkships from database  file: common/ship_sizes/29_nomads_dlc_ships.txt line: 1106
[02:18:16][ship_size.cpp:1570]: Ship size 'military_arkship_tier_2' contains 'icon' entry that point to unknown sprite 'ship_size_military_arkship_tier_2'.File 'common/ship_sizes/29_nomads_dlc_ships.txt', lines [998-1126].
[02:18:16][economic_unit_template.cpp:37]: Failed to read key reference starbase_arkships from database  file: common/ship_sizes/29_nomads_dlc_ships.txt line: 1239
[02:18:16][ship_size.cpp:1570]: Ship size 'military_arkship_tier_3' contains 'icon' entry that point to unknown sprite 'ship_size_military_arkship_tier_3'.File 'common/ship_sizes/29_nomads_dlc_ships.txt', lines [1128-1259].
[02:18:16][ship_size.cpp:1570]: Ship size 'military_arkship_champions_forge' contains 'icon' entry that point to unknown sprite 'ship_size_military_arkship_tier_3'.File 'common/ship_sizes/29_nomads_dlc_ships.txt', lines [1261-1343].
[02:18:17][ship_size.cpp:711]: Missing ship size Localization Key: starbase_outpost_quarian
[02:18:17][ship_size.cpp:711]: Missing ship size Localization Key: starbase_outpost_quarian_plural
[02:18:17][ship_size.cpp:785]: Could not find any entity by the name "spectre_vessel_entity".
[02:18:17][ship_size.cpp:711]: Missing ship size Localization Key: planet_state_station
[02:18:17][ship_size.cpp:711]: Missing ship size Localization Key: planet_state_station_plural
[02:18:17][persistent.cpp:41]: Error: "Unexpected token: host_has_dlc, near line: 301
" in file: "common/species_classes/btr_species_classes.txt" near line: 301
[02:18:17][persistent.cpp:41]: Error: "Unexpected token: host_has_dlc, near line: 319
" in file: "common/species_classes/btr_species_classes.txt" near line: 319
[02:18:17][ai_budget_entry.cpp:43]: Unknown category type megastructures_waystations for budget entry influence_expenditure_megastructures_waystations
[02:18:17][ai_budget_entry.cpp:47]: AI budget entry influence_expenditure_megastructures_waystations for category megastructures_waystations is unused for AI budgets as that category lacks use_for_ai_budget
[02:18:17][ai_budget_entry.cpp:43]: Unknown category type megastructures_arkships for budget entry influence_expenditure_megastructures_arkships
[02:18:17][ai_budget_entry.cpp:47]: AI budget entry influence_expenditure_megastructures_arkships for category megastructures_arkships is unused for AI budgets as that category lacks use_for_ai_budget
[02:18:17][persistent.cpp:41]: Error: "Unexpected token: name, near line: 7499
" in file: "common/star_classes/00_star_classes.txt" near line: 7499
[02:18:17][persistent.cpp:41]: Error: "Unexpected token: stars, near line: 7500
" in file: "common/star_classes/00_star_classes.txt" near line: 7583
[02:18:17][game_singleobjectdatabase.h:170]: Object with key: random_list already exists, using the one at  file: common/star_classes/00_star_classes.txt line: 7586
[02:18:17][persistent.cpp:41]: Error: "Unexpected token: name, near line: 7587
" in file: "common/star_classes/00_star_classes.txt" near line: 7587
[02:18:17][persistent.cpp:41]: Error: "Unexpected token: stars, near line: 7588
" in file: "common/star_classes/00_star_classes.txt" near line: 7660
[02:18:17][game_singleobjectdatabase.h:170]: Object with key: random_list already exists, using the one at  file: common/star_classes/00_star_classes.txt line: 7663
[02:18:17][persistent.cpp:41]: Error: "Unexpected token: name, near line: 7664
" in file: "common/star_classes/00_star_classes.txt" near line: 7664
[02:18:17][persistent.cpp:41]: Error: "Unexpected token: stars, near line: 7665
" in file: "common/star_classes/00_star_classes.txt" near line: 7676
[02:18:17][game_singleobjectdatabase.h:170]: Object with key: random_list already exists, using the one at  file: common/star_classes/00_star_classes.txt line: 7679
[02:18:17][persistent.cpp:41]: Error: "Unexpected token: name, near line: 7680
" in file: "common/star_classes/00_star_classes.txt" near line: 7680
[02:18:17][persistent.cpp:41]: Error: "Unexpected token: stars, near line: 7681
" in file: "common/star_classes/00_star_classes.txt" near line: 7701
[02:18:17][game_singleobjectdatabase.h:170]: Object with key: random_list already exists, using the one at  file: common/star_classes/00_star_classes.txt line: 7704
[02:18:17][persistent.cpp:41]: Error: "Unexpected token: name, near line: 7705
" in file: "common/star_classes/00_star_classes.txt" near line: 7705
[02:18:17][persistent.cpp:41]: Error: "Unexpected token: stars, near line: 7706
" in file: "common/star_classes/00_star_classes.txt" near line: 7714
[02:18:17][game_singleobjectdatabase.h:170]: Object with key: random_list already exists, using the one at  file: common/star_classes/00_star_classes.txt line: 7717
[02:18:17][persistent.cpp:41]: Error: "Unexpected token: name, near line: 7718
" in file: "common/star_classes/00_star_classes.txt" near line: 7718
[02:18:17][persistent.cpp:41]: Error: "Unexpected token: stars, near line: 7719
" in file: "common/star_classes/00_star_classes.txt" near line: 7724
[02:18:17][game_singleobjectdatabase.h:170]: Object with key: random_list already exists, using the one at  file: common/star_classes/00_star_classes.txt line: 7727
[02:18:17][persistent.cpp:41]: Error: "Unexpected token: name, near line: 7728
" in file: "common/star_classes/00_star_classes.txt" near line: 7728
[02:18:17][persistent.cpp:41]: Error: "Unexpected token: stars, near line: 7729
" in file: "common/star_classes/00_star_classes.txt" near line: 7736
[02:18:17][game_singleobjectdatabase.h:170]: Object with key: random_list already exists, using the one at  file: common/star_classes/00_star_classes.txt line: 7739
[02:18:17][persistent.cpp:41]: Error: "Unexpected token: name, near line: 7740
" in file: "common/star_classes/00_star_classes.txt" near line: 7740
[02:18:17][persistent.cpp:41]: Error: "Unexpected token: stars, near line: 7741
" in file: "common/star_classes/00_star_classes.txt" near line: 7747
[02:18:17][game_singleobjectdatabase.h:170]: Object with key: random_list already exists, using the one at  file: common/star_classes/00_star_classes.txt line: 7750
[02:18:17][persistent.cpp:41]: Error: "Unexpected token: name, near line: 7751
" in file: "common/star_classes/00_star_classes.txt" near line: 7751
[02:18:17][persistent.cpp:41]: Error: "Unexpected token: stars, near line: 7752
" in file: "common/star_classes/00_star_classes.txt" near line: 7760
[02:18:17][game_singleobjectdatabase.h:170]: Object with key: random_list already exists, using the one at  file: common/star_classes/00_star_classes.txt line: 7763
[02:18:17][persistent.cpp:41]: Error: "Unexpected token: name, near line: 7764
" in file: "common/star_classes/00_star_classes.txt" near line: 7764
[02:18:17][persistent.cpp:41]: Error: "Unexpected token: stars, near line: 7765
" in file: "common/star_classes/00_star_classes.txt" near line: 7772
[02:18:17][game_singleobjectdatabase.h:170]: Object with key: random_list already exists, using the one at  file: common/star_classes/00_star_classes.txt line: 7775
[02:18:17][persistent.cpp:41]: Error: "Unexpected token: name, near line: 7776
" in file: "common/star_classes/00_star_classes.txt" near line: 7776
[02:18:17][persistent.cpp:41]: Error: "Unexpected token: stars, near line: 7777
" in file: "common/star_classes/00_star_classes.txt" near line: 7784
[02:18:17][game_singleobjectdatabase.h:170]: Object with key: random_list already exists, using the one at  file: common/star_classes/00_star_classes.txt line: 7787
[02:18:17][persistent.cpp:41]: Error: "Unexpected token: name, near line: 7788
" in file: "common/star_classes/00_star_classes.txt" near line: 7788
[02:18:17][persistent.cpp:41]: Error: "Unexpected token: stars, near line: 7789
" in file: "common/star_classes/00_star_classes.txt" near line: 7793
[02:18:17][game_singleobjectdatabase.h:170]: Object with key: random_list already exists, using the one at  file: common/star_classes/00_star_classes.txt line: 7796
[02:18:17][persistent.cpp:41]: Error: "Unexpected token: name, near line: 7797
" in file: "common/star_classes/00_star_classes.txt" near line: 7797
[02:18:17][persistent.cpp:41]: Error: "Unexpected token: stars, near line: 7798
" in file: "common/star_classes/00_star_classes.txt" near line: 7821
[02:18:17][game_singleobjectdatabase.h:170]: Object with key: random_list already exists, using the one at  file: common/star_classes/00_star_classes.txt line: 7824
[02:18:17][persistent.cpp:41]: Error: "Unexpected token: name, near line: 7825
" in file: "common/star_classes/00_star_classes.txt" near line: 7825
[02:18:17][persistent.cpp:41]: Error: "Unexpected token: stars, near line: 7826
" in file: "common/star_classes/00_star_classes.txt" near line: 7872
[02:18:17][game_singleobjectdatabase.h:170]: Object with key: random_list already exists, using the one at  file: common/star_classes/00_star_classes.txt line: 7875
[02:18:17][persistent.cpp:41]: Error: "Unexpected token: name, near line: 7876
" in file: "common/star_classes/00_star_classes.txt" near line: 7876
[02:18:17][persistent.cpp:41]: Error: "Unexpected token: stars, near line: 7877
" in file: "common/star_classes/00_star_classes.txt" near line: 7923
[02:18:17][game_singleobjectdatabase.h:170]: Object with key: random_list already exists, using the one at  file: common/star_classes/00_star_classes.txt line: 7926
[02:18:17][persistent.cpp:41]: Error: "Unexpected token: name, near line: 7927
" in file: "common/star_classes/00_star_classes.txt" near line: 7927
[02:18:17][persistent.cpp:41]: Error: "Unexpected token: stars, near line: 7928
" in file: "common/star_classes/00_star_classes.txt" near line: 7933
[02:18:17][game_singleobjectdatabase.h:170]: Object with key: random_list already exists, using the one at  file: common/star_classes/00_star_classes.txt line: 7936
[02:18:17][persistent.cpp:41]: Error: "Unexpected token: name, near line: 7937
" in file: "common/star_classes/00_star_classes.txt" near line: 7937
[02:18:17][persistent.cpp:41]: Error: "Unexpected token: stars, near line: 7938
" in file: "common/star_classes/00_star_classes.txt" near line: 7942
[02:18:17][game_singleobjectdatabase.h:170]: Object with key: random_list already exists, using the one at  file: common/star_classes/00_star_classes.txt line: 7945
[02:18:17][persistent.cpp:41]: Error: "Unexpected token: name, near line: 7946
" in file: "common/star_classes/00_star_classes.txt" near line: 7946
[02:18:17][persistent.cpp:41]: Error: "Unexpected token: stars, near line: 7947
" in file: "common/star_classes/00_star_classes.txt" near line: 7950
[02:18:17][game_singleobjectdatabase.h:170]: Object with key: random_list already exists, using the one at  file: common/star_classes/00_star_classes.txt line: 7953
[02:18:17][persistent.cpp:41]: Error: "Unexpected token: name, near line: 7954
" in file: "common/star_classes/00_star_classes.txt" near line: 7954
[02:18:17][persistent.cpp:41]: Error: "Unexpected token: stars, near line: 7955
" in file: "common/star_classes/00_star_classes.txt" near line: 7958
[02:18:17][game_singleobjectdatabase.h:170]: Object with key: random_list already exists, using the one at  file: common/star_classes/00_star_classes.txt line: 7961
[02:18:17][persistent.cpp:41]: Error: "Unexpected token: name, near line: 7962
" in file: "common/star_classes/00_star_classes.txt" near line: 7962
[02:18:17][persistent.cpp:41]: Error: "Unexpected token: stars, near line: 7963
" in file: "common/star_classes/00_star_classes.txt" near line: 7966
[02:18:17][game_singleobjectdatabase.h:170]: Object with key: random_list already exists, using the one at  file: common/star_classes/00_star_classes.txt line: 7969
[02:18:17][persistent.cpp:41]: Error: "Unexpected token: name, near line: 7970
" in file: "common/star_classes/00_star_classes.txt" near line: 7970
[02:18:17][persistent.cpp:41]: Error: "Unexpected token: stars, near line: 7971
" in file: "common/star_classes/00_star_classes.txt" near line: 7973
[02:18:17][game_singleobjectdatabase.h:170]: Object with key: random_list already exists, using the one at  file: common/star_classes/00_star_classes.txt line: 7976
[02:18:17][persistent.cpp:41]: Error: "Unexpected token: name, near line: 7977
" in file: "common/star_classes/00_star_classes.txt" near line: 7977
[02:18:17][persistent.cpp:41]: Error: "Unexpected token: stars, near line: 7978
" in file: "common/star_classes/00_star_classes.txt" near line: 7980
[02:18:17][game_singleobjectdatabase.h:170]: Object with key: random_list already exists, using the one at  file: common/star_classes/00_star_classes.txt line: 7984
[02:18:17][persistent.cpp:41]: Error: "Unexpected token: name, near line: 7985
" in file: "common/star_classes/00_star_classes.txt" near line: 7985
[02:18:17][persistent.cpp:41]: Error: "Unexpected token: stars, near line: 7986
" in file: "common/star_classes/00_star_classes.txt" near line: 8023
[02:18:17][namelist.cpp:43]: Sequential name ASARI_FLEET is not localized!
[02:18:17][namelist.cpp:43]: Sequential name SALARIAN_FLEET is not localized!
[02:18:17][namelist.cpp:43]: Sequential name ALLIANCE_FLEET is not localized!
[02:18:17][namelist.cpp:43]: Sequential name KROGAN_Clan is not localized!
[02:18:17][namelist.cpp:43]: Sequential name KROGAN_Berserker is not localized!
[02:18:17][namelist.cpp:43]: Sequential name KROGAN_Bondservants is not localized!
[02:18:17][namelist.cpp:43]: Sequential name KROGAN_Battlemaster is not localized!
[02:18:17][namelist.cpp:43]: Sequential name VOLUS_Flotilla is not localized!
[02:18:17][namelist.cpp:43]: Sequential name LYSTHENI_FLEET is not localized!
[02:18:17][namelist.cpp:43]: Sequential name YAHG_FLEET is not localized!
[02:18:17][namelist.cpp:43]: Sequential name COLLECTORS_Aggressors is not localized!
[02:18:17][namelist.cpp:43]: Sequential name CERBERUS_Fleet is not localized!
[02:18:17][namelist.cpp:43]: Sequential name  is not localized!
[02:18:17][persistent.cpp:41]: Error: "Unexpected token: custom_demotion_loc, near line: 126
" in file: "common/pop_categories/02_other_categories.txt" near line: 126
[02:18:17][persistent.cpp:41]: Error: "Unexpected token: custom_demotion_icon, near line: 127
" in file: "common/pop_categories/02_other_categories.txt" near line: 127
[02:18:17][persistent.cpp:41]: Error: "Unexpected token: custom_demotion_loc, near line: 178
" in file: "common/pop_categories/02_other_categories.txt" near line: 178
[02:18:17][persistent.cpp:41]: Error: "Unexpected token: custom_demotion_icon, near line: 179
" in file: "common/pop_categories/02_other_categories.txt" near line: 179
[02:18:17][economic_unit_template.cpp:37]: Failed to read key reference pop_category_slave from database  file: common/pop_categories/02_other_categories.txt line: 216
[02:18:17][persistent.cpp:41]: Error: "Unexpected token: custom_demotion_loc, near line: 243
" in file: "common/pop_categories/02_other_categories.txt" near line: 243
[02:18:17][persistent.cpp:41]: Error: "Unexpected token: custom_demotion_icon, near line: 244
" in file: "common/pop_categories/02_other_categories.txt" near line: 244
[02:18:17][persistent.cpp:41]: Error: "Unexpected token: custom_promotion_loc, near line: 245
" in file: "common/pop_categories/02_other_categories.txt" near line: 245
[02:18:17][persistent.cpp:41]: Error: "Unexpected token: custom_promotion_icon, near line: 246
" in file: "common/pop_categories/02_other_categories.txt" near line: 246
[02:18:17][economic_unit_template.cpp:37]: Failed to read key reference pop_category_slave from database  file: common/pop_categories/02_other_categories.txt line: 272
[02:18:17][persistent.cpp:41]: Error: "Unexpected token: custom_demotion_loc, near line: 298
" in file: "common/pop_categories/02_other_categories.txt" near line: 298
[02:18:17][persistent.cpp:41]: Error: "Unexpected token: custom_demotion_icon, near line: 299
" in file: "common/pop_categories/02_other_categories.txt" near line: 299
[02:18:17][persistent.cpp:41]: Error: "Unexpected token: custom_promotion_loc, near line: 300
" in file: "common/pop_categories/02_other_categories.txt" near line: 300
[02:18:17][persistent.cpp:41]: Error: "Unexpected token: custom_promotion_icon, near line: 301
" in file: "common/pop_categories/02_other_categories.txt" near line: 301
[02:18:17][economic_unit_template.cpp:37]: Failed to read key reference pop_category_slave from database  file: common/pop_categories/02_other_categories.txt line: 323
[02:18:17][persistent.cpp:41]: Error: "Unexpected token: custom_demotion_loc, near line: 398
" in file: "common/pop_categories/02_other_categories.txt" near line: 398
[02:18:17][persistent.cpp:41]: Error: "Unexpected token: custom_demotion_icon, near line: 399
" in file: "common/pop_categories/02_other_categories.txt" near line: 399
[02:18:17][persistent.cpp:41]: Error: "Unexpected token: custom_demotion_loc, near line: 714
" in file: "common/pop_categories/02_other_categories.txt" near line: 714
[02:18:17][persistent.cpp:41]: Error: "Unexpected token: custom_demotion_icon, near line: 715
" in file: "common/pop_categories/02_other_categories.txt" near line: 715
[02:18:17][economic_unit_template.cpp:37]: Failed to read key reference pop_category_slave from database  file: common/pop_categories/02_other_categories.txt line: 740
[02:18:17][job_type.cpp:31]: Missing job Localization Key: job_slave_processing
[02:18:17][job_type.cpp:31]: Missing job Localization Key: job_slave_processing_desc
[02:18:17][job_type.cpp:31]: Missing job Localization Key: job_heart_processing
[02:18:17][job_type.cpp:31]: Missing job Localization Key: job_heart_processing_desc
[02:18:17][job_type.cpp:31]: Missing job Localization Key: job_slave_unprocessing
[02:18:17][job_type.cpp:31]: Missing job Localization Key: job_slave_unprocessing_desc
[02:18:17][job_type.cpp:31]: Missing job Localization Key: job_presapient_unprocessing
[02:18:17][job_type.cpp:31]: Missing job Localization Key: job_presapient_unprocessing_desc
[02:18:17][job_type.cpp:31]: Missing job Localization Key: job_bio_trophy_processing
[02:18:17][job_type.cpp:31]: Missing job Localization Key: job_bio_trophy_processing_desc
[02:18:17][job_type.cpp:31]: Missing job Localization Key: job_bio_trophy_unprocessing
[02:18:17][job_type.cpp:31]: Missing job Localization Key: job_bio_trophy_unprocessing_desc
[02:18:17][job_type.cpp:31]: Missing job Localization Key: job_purge_unprocessing
[02:18:17][job_type.cpp:31]: Missing job Localization Key: job_purge_unprocessing_desc
[02:18:17][job_type.cpp:31]: Missing job Localization Key: job_presapient_processing
[02:18:17][job_type.cpp:31]: Missing job Localization Key: job_presapient_processing_desc
[02:18:17][job_type.cpp:31]: Missing job Localization Key: job_robot_servant_processing
[02:18:17][job_type.cpp:31]: Missing job Localization Key: job_robot_servant_processing_desc
[02:18:17][job_type.cpp:31]: Missing job Localization Key: job_robot_servant_unprocessing
[02:18:17][job_type.cpp:31]: Missing job Localization Key: job_robot_servant_unprocessing_desc
[02:18:18][parser_util.h:70]: Failed to read key reference 'psionic_aura' from database 'class CJobTagDatabase' at ' file: common/pop_jobs/01_ruler_jobs.txt line: 215'
[02:18:18][parser_util.h:70]: Failed to read key reference 'psionic_aura' from database 'class CJobTagDatabase' at ' file: common/pop_jobs/01_ruler_jobs.txt:636(inline_script) common/inline_scripts/jobs/job_telepath.txt line: 8'
[02:18:18][parser_util.h:70]: Failed to read key reference 'psionic_aura' from database 'class CJobTagDatabase' at ' file: common/pop_jobs/02_specialist_jobs.txt line: 830'
[02:18:18][economic_unit_template.cpp:37]: Failed to read key reference planet_administrators from database  file: common/pop_jobs/02_specialist_jobs.txt line: 846
[02:18:18][parser_util.h:70]: Failed to read key reference 'psionic_aura' from database 'class CJobTagDatabase' at ' file: common/pop_jobs/02_specialist_jobs.txt:1421(inline_script) common/inline_scripts/jobs/job_telepath.txt line: 8'
[02:18:18][economic_unit_template.cpp:37]: Failed to read key reference planet_administrators from database  file: common/pop_jobs/03_worker_jobs.txt line: 765
[02:18:18][economic_unit_template.cpp:37]: Failed to read key reference planet_administrators from database  file: common/pop_jobs/04_gestalt_jobs.txt line: 563
[02:18:18][parser_util.h:70]: Failed to read key reference 'sr_living_metal' from database 'class CJobTagDatabase' at ' file: common/pop_jobs/04_gestalt_jobs.txt line: 3152'
[02:18:19][economic_unit_template.cpp:37]: Failed to read key reference planet_administrators from database  file: common/pop_jobs/06_event_jobs.txt line: 1060
[02:18:20][economic_unit_template.cpp:37]: Failed to read key reference planet_administrators from database  file: common/pop_jobs/13_machine_age_jobs.txt line: 34
[02:18:20][economic_unit_template.cpp:37]: Failed to read key reference planet_administrators from database  file: common/pop_jobs/13_machine_age_jobs.txt line: 162
[02:18:20][job_type.cpp:31]: Missing job Localization Key: job_neural_chip_processing
[02:18:20][job_type.cpp:31]: Missing job Localization Key: job_neural_chip_processing_desc
[02:18:20][job_type.cpp:31]: Missing job Localization Key: job_neural_chip_unprocessing
[02:18:20][job_type.cpp:31]: Missing job Localization Key: job_neural_chip_unprocessing_desc
[02:18:20][inline_script_database.cpp:49]: Unknown inline_script "jobs/galactic_curator_council_output" in file: " file: common/pop_jobs/14_grand_archive_jobs.txt line: 117
[02:18:20][inline_script_database.cpp:49]: Unknown inline_script "jobs/galactic_curator_council_output" in file: " file: common/pop_jobs/14_grand_archive_jobs.txt line: 186
[02:18:20][parser_util.h:70]: Failed to read key reference 'psionic_aura' from database 'class CJobTagDatabase' at ' file: common/pop_jobs/16_shroud_jobs.txt line: 13'
[02:18:20][parser_util.h:70]: Failed to read key reference 'energy_thrall' from database 'class CJobTagDatabase' at ' file: common/pop_jobs/16_shroud_jobs.txt line: 280'
[02:18:20][parser_util.h:70]: Failed to read key reference 'energy_thrall' from database 'class CJobTagDatabase' at ' file: common/pop_jobs/16_shroud_jobs.txt line: 332'
[02:18:20][parser_util.h:70]: Failed to read key reference 'test_subject' from database 'class CJobTagDatabase' at ' file: common/pop_jobs/16_shroud_jobs.txt line: 397'
[02:18:20][parser_util.h:70]: Failed to read key reference 'test_subject' from database 'class CJobTagDatabase' at ' file: common/pop_jobs/16_shroud_jobs.txt line: 474'
[02:18:20][parser_util.h:70]: Failed to read key reference 'experiment_engineer' from database 'class CJobTagDatabase' at ' file: common/pop_jobs/16_shroud_jobs.txt line: 521'
[02:18:20][parser_util.h:70]: Failed to read key reference 'experiment_engineer' from database 'class CJobTagDatabase' at ' file: common/pop_jobs/16_shroud_jobs.txt line: 632'
[02:18:20][parser_util.h:48]: Failed to read key reference 'cruise_passenger' from database 'common/pop_categories' at ' file: common/pop_jobs/17_nomads_jobs.txt line: 4'
[02:18:20][parser_util.h:70]: Failed to read key reference 'cruise_passenger' from database 'class CJobTagDatabase' at ' file: common/pop_jobs/17_nomads_jobs.txt line: 19'
[02:18:20][parser_util.h:48]: Failed to read key reference 'cruise_passenger_unemployment' from database 'common/pop_categories' at ' file: common/pop_jobs/17_nomads_jobs.txt line: 82'
[02:18:20][parser_util.h:70]: Failed to read key reference 'cruise_passenger_unemployment' from database 'class CJobTagDatabase' at ' file: common/pop_jobs/17_nomads_jobs.txt line: 97'
[02:18:20][parser_util.h:48]: Failed to read key reference 'deep_sleep' from database 'common/pop_categories' at ' file: common/pop_jobs/17_nomads_jobs.txt line: 668'
[02:18:20][game_singleobjectdatabase.h:170]: Object with key: historical_curator already exists, using the one at  file: common/pop_jobs/99_swap_jobs.txt line: 23
[02:18:20][job_type.cpp:164]: Job custodian is missing texture gfx/interface/icons/jobs/job_job_haruspex.dds
[02:18:20][texturehandler.cpp:66]: Texture Handler encountered missing texture file: gfx/interface/icons/jobs/job_job_haruspex.dds
[02:18:20][texturehandler.cpp:350]: Couldn't find texture file: gfx/interface/icons/jobs/job_job_haruspex.dds.
[02:18:20][spritetype.cpp:317]: Error initialising texture: gfx/interface/icons/jobs/job_job_haruspex.dds for spritetype GFX_text_job_custodian
[02:18:20][job_type.cpp:31]: Missing job Localization Key: job_custodian
[02:18:20][job_type.cpp:31]: Missing job Localization Key: job_custodian_desc
[02:18:20][job_type.cpp:31]: Missing job Localization Key: job_btr_overlord_ranger
[02:18:20][job_type.cpp:31]: Missing job Localization Key: job_btr_overlord_ranger_desc
[02:18:20][job_type.cpp:31]: Missing job Localization Key: job_btr_overlord_arborist
[02:18:20][job_type.cpp:31]: Missing job Localization Key: job_btr_overlord_arborist_desc
[02:18:20][job_type.cpp:31]: Missing job Localization Key: job_celebrity
[02:18:20][job_type.cpp:31]: Missing job Localization Key: job_celebrity_desc
[02:18:20][job_type.cpp:31]: Missing job Localization Key: job_response_coordinator
[02:18:20][job_type.cpp:31]: Missing job Localization Key: job_response_coordinator_desc
[02:18:20][job_type.cpp:31]: Missing job Localization Key: job_btr_industrial_titan
[02:18:20][job_type.cpp:31]: Missing job Localization Key: job_btr_industrial_titan_desc
[02:18:20][persistent.cpp:41]: Error: "Unexpected token: entropy_crystals, near line: 4250
" in file: "common/specimens/specimens.txt" near line: 4250
[02:18:23][pdxmodifier.h:481]: Modifier has entry not allowed by category:  file: common/traits/btr_species_traits.txt line: 482
[02:18:23][trait.cpp:667]: Try to make unknown trait trait_pc_ark_preference into opposite of trait_sedentary
[02:18:23][trait.cpp:667]: Try to make unknown trait trait_pc_ark_preference into opposite of trait_resilient
[02:18:23][trait.cpp:667]: Try to make unknown trait trait_pc_ark_preference into opposite of trait_genetic_memory
[02:18:25][economic_unit_template.cpp:37]: Failed to read key reference waystation_pacts from database  file: common/diplomacy_economy/00_diplomacy_economy.txt line: 309
[02:18:25][game_singleobjectdatabase.h:170]: Object with key: r_btr_prothean_beacon_batarian already exists, using the one at  file: common/relics/btr_precursor_relics.txt line: 246
[02:18:25][ai_economic_strategy.cpp:3044]: Duplicate AI subplan 'Advanced Pops' found in advanced_economy_plan, using the one that ends at  file: common/economic_plans/03_advanced.txt line: 40
[02:18:25][ai_economic_strategy.cpp:3044]: Duplicate AI subplan 'Advanced Alloys' found in advanced_economy_plan, using the one that ends at  file: common/economic_plans/03_advanced.txt line: 51
[02:18:25][ai_economic_strategy.cpp:3044]: Duplicate AI subplan 'Advanced Naval Cap' found in advanced_economy_plan, using the one that ends at  file: common/economic_plans/03_advanced.txt line: 62
[02:18:25][ai_economic_strategy.cpp:3044]: Duplicate AI subplan 'Advanced Alloys (Scaling)' found in advanced_economy_plan, using the one that ends at  file: common/economic_plans/03_advanced.txt line: 76
[02:18:25][ai_economic_strategy.cpp:3044]: Duplicate AI subplan 'Advanced Physics' found in advanced_economy_plan, using the one that ends at  file: common/economic_plans/03_advanced.txt line: 115
[02:18:25][ai_economic_strategy.cpp:3044]: Duplicate AI subplan 'Advanced Society' found in advanced_economy_plan, using the one that ends at  file: common/economic_plans/03_advanced.txt line: 127
[02:18:25][ai_economic_strategy.cpp:3044]: Duplicate AI subplan 'Advanced Engineering' found in advanced_economy_plan, using the one that ends at  file: common/economic_plans/03_advanced.txt line: 139
[02:18:25][ai_economic_strategy.cpp:3044]: Duplicate AI subplan 'Galactic Nemesis Advanced Minerals Scaling' found in advanced_economy_plan, using the one that ends at  file: common/economic_plans/03_advanced.txt line: 151
[02:18:25][ai_economic_strategy.cpp:3044]: Duplicate AI subplan 'Advanced Obsessional CG Scaling' found in advanced_economy_plan, using the one that ends at  file: common/economic_plans/03_advanced.txt line: 163
[02:18:25][ai_economic_strategy.cpp:3044]: Duplicate AI subplan 'Strategic Resources' found in advanced_economy_plan, using the one that ends at  file: common/economic_plans/03_advanced.txt:165(inline_script) common/inline_scripts/ai/ai_strategic_resources.txt line: 15
[02:18:25][ai_economic_strategy.cpp:3044]: Duplicate AI subplan 'Scaling Exotic Gases' found in advanced_economy_plan, using the one that ends at  file: common/economic_plans/03_advanced.txt:165(inline_script) common/inline_scripts/ai/ai_strategic_resources.txt line: 29
[02:18:25][ai_economic_strategy.cpp:3044]: Duplicate AI subplan 'Scaling Volatile Motes' found in advanced_economy_plan, using the one that ends at  file: common/economic_plans/03_advanced.txt:165(inline_script) common/inline_scripts/ai/ai_strategic_resources.txt line: 43
[02:18:25][ai_economic_strategy.cpp:3044]: Duplicate AI subplan 'Scaling Rare Crystals' found in advanced_economy_plan, using the one that ends at  file: common/economic_plans/03_advanced.txt:165(inline_script) common/inline_scripts/ai/ai_strategic_resources.txt line: 57
[02:18:25][ai_economic_strategy.cpp:3044]: Duplicate AI subplan 'Endgame Base Pops' found in endgame_economy_plan, using the one that ends at  file: common/economic_plans/05_endgame.txt line: 41
[02:18:25][ai_economic_strategy.cpp:3044]: Duplicate AI subplan 'Endgame Naval Cap' found in endgame_economy_plan, using the one that ends at  file: common/economic_plans/05_endgame.txt line: 51
[02:18:25][ai_economic_strategy.cpp:3044]: Duplicate AI subplan 'Endgame Alloys (Scaling)' found in endgame_economy_plan, using the one that ends at  file: common/economic_plans/05_endgame.txt line: 63
[02:18:25][ai_economic_strategy.cpp:3044]: Duplicate AI subplan 'Endgame BioShip Food' found in endgame_economy_plan, using the one that ends at  file: common/economic_plans/05_endgame.txt line: 75
[02:18:25][ai_economic_strategy.cpp:3044]: Duplicate AI subplan 'Endgame Physics' found in endgame_economy_plan, using the one that ends at  file: common/economic_plans/05_endgame.txt line: 84
[02:18:25][ai_economic_strategy.cpp:3044]: Duplicate AI subplan 'Endgame Society' found in endgame_economy_plan, using the one that ends at  file: common/economic_plans/05_endgame.txt line: 93
[02:18:25][ai_economic_strategy.cpp:3044]: Duplicate AI subplan 'Endgame Engineering' found in endgame_economy_plan, using the one that ends at  file: common/economic_plans/05_endgame.txt line: 102
[02:18:25][ai_economic_strategy.cpp:3044]: Duplicate AI subplan 'Endgame Scaling Pops' found in endgame_economy_plan, using the one that ends at  file: common/economic_plans/05_endgame.txt line: 119
[02:18:25][ai_economic_strategy.cpp:3044]: Duplicate AI subplan 'Galactic Nemesis Endgame Minerals Scaling' found in endgame_economy_plan, using the one that ends at  file: common/economic_plans/05_endgame.txt line: 131
[02:18:25][ai_economic_strategy.cpp:3044]: Duplicate AI subplan 'Endgame Obsessional CG Scaling' found in endgame_economy_plan, using the one that ends at  file: common/economic_plans/05_endgame.txt line: 142
[02:18:25][ai_economic_strategy.cpp:3044]: Duplicate AI subplan 'Strategic Resources' found in endgame_economy_plan, using the one that ends at  file: common/economic_plans/05_endgame.txt:144(inline_script) common/inline_scripts/ai/ai_strategic_resources.txt line: 15
[02:18:25][ai_economic_strategy.cpp:3044]: Duplicate AI subplan 'Scaling Exotic Gases' found in endgame_economy_plan, using the one that ends at  file: common/economic_plans/05_endgame.txt:144(inline_script) common/inline_scripts/ai/ai_strategic_resources.txt line: 29
[02:18:25][ai_economic_strategy.cpp:3044]: Duplicate AI subplan 'Scaling Volatile Motes' found in endgame_economy_plan, using the one that ends at  file: common/economic_plans/05_endgame.txt:144(inline_script) common/inline_scripts/ai/ai_strategic_resources.txt line: 43
[02:18:25][ai_economic_strategy.cpp:3044]: Duplicate AI subplan 'Scaling Rare Crystals' found in endgame_economy_plan, using the one that ends at  file: common/economic_plans/05_endgame.txt:144(inline_script) common/inline_scripts/ai/ai_strategic_resources.txt line: 57
[02:18:25][ai_economic_strategy.cpp:3044]: Duplicate AI subplan 'Endgame Alloys' found in beyond_endgame_economy_plan, using the one that ends at  file: common/economic_plans/06_beyond_endgame.txt line: 45
[02:18:25][ai_economic_strategy.cpp:3044]: Duplicate AI subplan 'Endgame Alloys (Scaling)' found in beyond_endgame_economy_plan, using the one that ends at  file: common/economic_plans/06_beyond_endgame.txt line: 57
[02:18:25][ai_economic_strategy.cpp:3044]: Duplicate AI subplan 'Endgame BioShip Food' found in beyond_endgame_economy_plan, using the one that ends at  file: common/economic_plans/06_beyond_endgame.txt line: 69
[02:18:25][ai_economic_strategy.cpp:3044]: Duplicate AI subplan 'Endgame Physics' found in beyond_endgame_economy_plan, using the one that ends at  file: common/economic_plans/06_beyond_endgame.txt line: 78
[02:18:25][ai_economic_strategy.cpp:3044]: Duplicate AI subplan 'Endgame Society' found in beyond_endgame_economy_plan, using the one that ends at  file: common/economic_plans/06_beyond_endgame.txt line: 87
[02:18:25][ai_economic_strategy.cpp:3044]: Duplicate AI subplan 'Endgame Engineering' found in beyond_endgame_economy_plan, using the one that ends at  file: common/economic_plans/06_beyond_endgame.txt line: 96
[02:18:25][ai_economic_strategy.cpp:3044]: Duplicate AI subplan 'Endgame Base Pops' found in beyond_endgame_economy_plan, using the one that ends at  file: common/economic_plans/06_beyond_endgame.txt line: 102
[02:18:25][ai_economic_strategy.cpp:3044]: Duplicate AI subplan 'Endgame Scaling Pops' found in beyond_endgame_economy_plan, using the one that ends at  file: common/economic_plans/06_beyond_endgame.txt line: 110
[02:18:25][ai_economic_strategy.cpp:3044]: Duplicate AI subplan 'Endgame Naval Cap' found in beyond_endgame_economy_plan, using the one that ends at  file: common/economic_plans/06_beyond_endgame.txt line: 116
[02:18:25][ai_economic_strategy.cpp:3044]: Duplicate AI subplan 'Galactic Nemesis Endgame Minerals Scaling' found in beyond_endgame_economy_plan, using the one that ends at  file: common/economic_plans/06_beyond_endgame.txt line: 128
[02:18:25][ai_economic_strategy.cpp:3044]: Duplicate AI subplan 'Endgame Obsessional CG Scaling' found in beyond_endgame_economy_plan, using the one that ends at  file: common/economic_plans/06_beyond_endgame.txt line: 139
[02:18:25][ai_economic_strategy.cpp:3044]: Duplicate AI subplan 'Strategic Resources' found in beyond_endgame_economy_plan, using the one that ends at  file: common/economic_plans/06_beyond_endgame.txt:141(inline_script) common/inline_scripts/ai/ai_strategic_resources.txt line: 15
[02:18:25][ai_economic_strategy.cpp:3044]: Duplicate AI subplan 'Scaling Exotic Gases' found in beyond_endgame_economy_plan, using the one that ends at  file: common/economic_plans/06_beyond_endgame.txt:141(inline_script) common/inline_scripts/ai/ai_strategic_resources.txt line: 29
[02:18:25][ai_economic_strategy.cpp:3044]: Duplicate AI subplan 'Scaling Volatile Motes' found in beyond_endgame_economy_plan, using the one that ends at  file: common/economic_plans/06_beyond_endgame.txt:141(inline_script) common/inline_scripts/ai/ai_strategic_resources.txt line: 43
[02:18:25][ai_economic_strategy.cpp:3044]: Duplicate AI subplan 'Scaling Rare Crystals' found in beyond_endgame_economy_plan, using the one that ends at  file: common/economic_plans/06_beyond_endgame.txt:141(inline_script) common/inline_scripts/ai/ai_strategic_resources.txt line: 57
[02:18:25][util_serializers.h:168]: Failed to read key reference resource_subsidies_unity from database  file: common/agreement_presets/00_agreement_presets.txt line: 1234
[02:18:25][eventmanager.cpp:427]: an event with id [btr_anomaly.13] already exists!  file: events/btr_anomalies.txt line: 421
[02:18:25][pdx_audio.cpp:1200]: Missing sound effect: btr_event_granted_citadel_embassy
[02:18:25][event.cpp:1577]: show_sound for event btr_council_resolutions.1 is referencing inexistent sound btr_event_granted_citadel_embassy
[02:18:25][pdx_audio.cpp:1200]: Missing sound effect: btr_event_denied_citadel_embassy
[02:18:25][event.cpp:1577]: show_sound for event btr_council_resolutions.2 is referencing inexistent sound btr_event_denied_citadel_embassy
[02:18:25][pdx_audio.cpp:1200]: Missing sound effect: btr_event_granted_council_spectre
[02:18:25][event.cpp:1577]: show_sound for event btr_council_resolutions.3 is referencing inexistent sound btr_event_granted_council_spectre
[02:18:25][event.cpp:1577]: show_sound for event btr_council_resolutions.4 is referencing inexistent sound btr_event_granted_council_spectre
[02:18:25][event.cpp:1577]: show_sound for event btr_council_resolutions.5 is referencing inexistent sound btr_event_granted_council_spectre
[02:18:25][event.cpp:1577]: show_sound for event btr_council_resolutions.6 is referencing inexistent sound btr_event_granted_council_spectre
[02:18:25][event.cpp:1577]: show_sound for event btr_council_resolutions.7 is referencing inexistent sound btr_event_granted_citadel_embassy
[02:18:25][event.cpp:1577]: show_sound for event btr_council_resolutions.8 is referencing inexistent sound btr_event_denied_citadel_embassy
[02:18:25][effect.cpp:471]: Error: "Unexpected token: integrity, near line: 2862
" in file: "events/federations_events_1.txt" near line: 2862
[02:18:25][effect.cpp:471]: Error: "Unexpected token: integrity, near line: 217
" in file: "events/galactic_community_events.txt" near line: 217
[02:18:25][effect.cpp:471]: Error: "Unexpected token: integrity, near line: 591
" in file: "events/galactic_community_events.txt" near line: 591
[02:18:25][effect.cpp:471]: Error: "Unexpected token: integrity, near line: 101
" in file: "events/nemesis_custodian_events.txt" near line: 101
[02:18:26][persistent.cpp:41]: Error: "Unexpected token: entropy_crystals, near line: 132
" in file: "common/decisions/14_infernal_decisions.txt" near line: 132
[02:18:27][onaction.cpp:94]: OnAction "on_custom_diplomacy" is referencing an invalid ID: "nomad.30"
[02:18:27][onaction.cpp:94]: OnAction "on_entering_system_fleet" is referencing an invalid ID: "nomad.3"
[02:18:27][onaction.cpp:94]: OnAction "on_entering_system_fleet" is referencing an invalid ID: "nomad.7"
[02:18:27][onaction.cpp:94]: OnAction "on_entering_system_fleet" is referencing an invalid ID: "nomad.8"
[02:18:27][onaction.cpp:94]: OnAction "on_entering_battle" is referencing an invalid ID: "nomad.96"
[02:18:27][onaction.cpp:94]: OnAction "on_entering_battle" is referencing an invalid ID: "nomad.98"
[02:18:27][onaction.cpp:94]: OnAction "on_entering_battle" is referencing an invalid ID: "nomad.99"
[02:18:27][onaction.cpp:94]: OnAction "on_ship_destroyed_victim" is referencing an invalid ID: "nomad.95"
[02:18:27][onaction.cpp:94]: OnAction "on_emergency_ftl" is referencing an invalid ID: "nomad.97"
[02:18:27][onaction.cpp:104]: OnAction "on_daily_pop_ethics_divergence" is referencing an invalid event: "cyber.8"
[02:18:27][onaction.cpp:104]: OnAction "on_specimen_acquired" is referencing an invalid event: "grand_archive.4005"
[02:18:27][onaction.cpp:94]: OnAction "on_game_start" is referencing an invalid ID: "planetarystations.1"
[02:18:27][trigger.cpp:635]: Wrong scope for trigger 'has_anomaly' at  file: common/archaeological_site_types/00_btr_archeological_sites.txt line: 422
Current Scope: fleet
Supported Scopes: planet ship colony
[02:18:27][trigger.cpp:635]: Wrong scope for trigger 'has_planet_flag' at  file: common/archaeological_site_types/00_btr_archeological_sites.txt line: 425
Current Scope: fleet
Supported Scopes: planet ship colony
[02:18:27][effect.cpp:529]: Wrong scope for effect 'planet_event' at  file: common/traditions/01_virtuality.txt line: 39
Current Scope: colony
Supported Scopes: planet
[02:18:27][ascension_perk_category.cpp:68]: Ascension perk category 'ap_category_ambitions' contains invalid ascension perk key 'ap_defender_of_the_galaxy_nomads'[02:18:27][persistent.cpp:41]: Error: "Unexpected token: entropy_crystals, near line: 11
" in file: "common/megastructure_overclock_types/01_overclock_types.txt" near line: 11
[02:18:27][persistent.cpp:41]: Error: "Unexpected token: entropy_crystals, near line: 28
" in file: "common/megastructure_overclock_types/01_overclock_types.txt" near line: 28
[02:18:27][persistent.cpp:41]: Error: "Unexpected token: entropy_crystals, near line: 42
" in file: "common/megastructure_overclock_types/01_overclock_types.txt" near line: 42
[02:18:27][inline_script_database.cpp:49]: Unknown inline_script "ship_components/collateral_damage" in file: " file: common/component_templates/00_weapons_archaeotechnology.txt line: 607
[02:18:27][inline_script_database.cpp:49]: Unknown inline_script "ship_components/collateral_damage" in file: " file: common/component_templates/00_weapons_archaeotechnology.txt line: 698
[02:18:27][inline_script_database.cpp:49]: Unknown inline_script "ship_components/collateral_damage" in file: " file: common/component_templates/00_weapons_extra_large.txt line: 444
[02:18:27][inline_script_database.cpp:49]: Unknown inline_script "ship_components/collateral_damage" in file: " file: common/component_templates/00_weapons_extra_large.txt line: 525
[02:18:27][inline_script_database.cpp:49]: Unknown inline_script "ship_components/collateral_damage" in file: " file: common/component_templates/00_weapons_extra_large.txt line: 585
[02:18:27][inline_script_database.cpp:49]: Unknown inline_script "ship_components/collateral_damage" in file: " file: common/component_templates/00_weapons_extra_large.txt line: 706
[02:18:28][ship_growth_stage.cpp:1011]: invalid component slot "MEDIUM_UTILITY_3".  file: common/global_ship_designs/event_ship_designs_anomalies.txt line: 119
[02:18:28][ship_growth_stage.cpp:1011]: invalid component slot "MEDIUM_UTILITY_4".  file: common/global_ship_designs/event_ship_designs_anomalies.txt line: 123
[02:18:28][ship_growth_stage.cpp:1011]: invalid component slot "MEDIUM_UTILITY_5".  file: common/global_ship_designs/event_ship_designs_anomalies.txt line: 127
[02:18:28][ship_growth_stage.cpp:1011]: invalid component slot "MEDIUM_UTILITY_6".  file: common/global_ship_designs/event_ship_designs_anomalies.txt line: 131
[02:18:28][ship_growth_stage.cpp:1011]: invalid component slot "AUX_UTILITY_1".  file: common/global_ship_designs/event_ship_designs_anomalies.txt line: 135
[02:18:28][ship_growth_stage.cpp:1011]: invalid component slot "AUX_UTILITY_2".  file: common/global_ship_designs/event_ship_designs_anomalies.txt line: 139
[02:18:28][ship_growth_stage.cpp:114]: invalid component template "COMBAT_COMPUTER_ARKSHIP".  file: common/global_ship_designs/nomad_global_ship_designs.txt line: 135
[02:18:28][persistent.cpp:41]: Error: "Unexpected token: entropy_crystals, near line: 9
" in file: "common/megastructures/22_galactic_crucible.txt" near line: 9
[02:18:28][persistent.cpp:41]: Error: "Unexpected token: entropy_crystals, near line: 159
" in file: "common/megastructures/22_galactic_crucible.txt" near line: 159
[02:18:28][persistent.cpp:41]: Error: "Unexpected token: entropy_crystals, near line: 197
" in file: "common/megastructures/22_galactic_crucible.txt" near line: 197
[02:18:28][persistent.cpp:41]: Error: "Unexpected token: entropy_crystals, near line: 235
" in file: "common/megastructures/22_galactic_crucible.txt" near line: 235
[02:18:28][persistent.cpp:41]: Error: "Unexpected token: entropy_crystals, near line: 273
" in file: "common/megastructures/22_galactic_crucible.txt" near line: 273
[02:18:28][persistent.cpp:41]: Error: "Unexpected token: entropy_crystals, near line: 312
" in file: "common/megastructures/22_galactic_crucible.txt" near line: 312
[02:18:28][economic_unit_template.cpp:37]: Failed to read key reference megastructures_arkships from database  file: common/megastructures/29_nomad_arkships.txt:7(inline_script) common/inline_scripts/megastructures/arkship.txt line: 13
[02:18:28][economic_unit_template.cpp:37]: Failed to read key reference megastructures_arkships from database  file: common/megastructures/29_nomad_arkships.txt:54(inline_script) common/inline_scripts/megastructures/arkship.txt line: 13
[02:18:28][economic_unit_template.cpp:37]: Failed to read key reference megastructures_arkships from database  file: common/megastructures/29_nomad_arkships.txt:108(inline_script) common/inline_scripts/megastructures/arkship.txt line: 13
[02:18:28][economic_unit_template.cpp:37]: Failed to read key reference megastructures_waystations from database  file: common/megastructures/30_nomad_waystation.txt line: 15
[02:18:28][economic_unit_template.cpp:37]: Failed to read key reference starbase_arkship_upgrades from database  file: common/starbase_modules/00_arkship_spinal_modules.txt line: 28
[02:18:28][economic_unit_template.cpp:37]: Failed to read key reference starbase_arkship_upgrades from database  file: common/starbase_modules/00_arkship_spinal_modules.txt line: 73
[02:18:28][economic_unit_template.cpp:37]: Failed to read key reference starbase_arkship_upgrades from database  file: common/starbase_modules/00_arkship_spinal_modules.txt line: 134
[02:18:28][economic_unit_template.cpp:37]: Failed to read key reference starbase_arkship_upgrades from database  file: common/starbase_modules/00_arkship_spinal_modules.txt line: 182
[02:18:28][economic_unit_template.cpp:37]: Failed to read key reference starbase_arkship_upgrades from database  file: common/starbase_modules/00_arkship_spinal_modules.txt line: 225
[02:18:28][economic_unit_template.cpp:37]: Failed to read key reference starbase_arkship_upgrades from database  file: common/starbase_modules/00_arkship_spinal_modules.txt line: 284
[02:18:28][economic_unit_template.cpp:37]: Failed to read key reference starbase_arkship_upgrades from database  file: common/starbase_modules/00_arkship_utility_modules.txt line: 38
[02:18:28][economic_unit_template.cpp:37]: Failed to read key reference starbase_arkship_upgrades from database  file: common/starbase_modules/00_arkship_utility_modules.txt line: 177
[02:18:28][economic_unit_template.cpp:37]: Failed to read key reference starbase_arkship_upgrades from database  file: common/starbase_modules/00_arkship_utility_modules.txt line: 227
[02:18:28][economic_unit_template.cpp:37]: Failed to read key reference starbase_arkship_upgrades from database  file: common/starbase_modules/00_arkship_utility_modules.txt line: 276
[02:18:28][economic_unit_template.cpp:37]: Failed to read key reference starbase_arkship_upgrades from database  file: common/starbase_modules/00_arkship_utility_modules.txt line: 324
[02:18:28][economic_unit_template.cpp:37]: Failed to read key reference starbase_arkship_upgrades from database  file: common/starbase_modules/00_arkship_utility_modules.txt line: 375
[02:18:28][economic_unit_template.cpp:37]: Failed to read key reference starbase_arkship_upgrades from database  file: common/starbase_modules/00_arkship_utility_modules.txt line: 455
[02:18:28][economic_unit_template.cpp:37]: Failed to read key reference starbase_arkship_upgrades from database  file: common/starbase_modules/00_arkship_weapon_modules.txt line: 27
[02:18:28][economic_unit_template.cpp:37]: Failed to read key reference starbase_arkship_upgrades from database  file: common/starbase_modules/00_arkship_weapon_modules.txt line: 76
[02:18:28][economic_unit_template.cpp:37]: Failed to read key reference starbase_arkship_upgrades from database  file: common/starbase_modules/00_arkship_weapon_modules.txt line: 129
[02:18:28][economic_unit_template.cpp:37]: Failed to read key reference starbase_arkship_upgrades from database  file: common/starbase_modules/00_arkship_weapon_modules.txt line: 178
[02:18:28][economic_unit_template.cpp:37]: Failed to read key reference starbase_arkship_upgrades from database  file: common/starbase_modules/00_arkship_weapon_modules.txt line: 226
[02:18:28][economic_unit_template.cpp:37]: Failed to read key reference starbase_arkship_upgrades from database  file: common/starbase_modules/00_arkship_weapon_modules.txt line: 275
[02:18:28][economic_unit_template.cpp:37]: Failed to read key reference starbase_arkship_upgrades from database  file: common/starbase_modules/00_arkship_weapon_modules.txt line: 324
[02:18:28][economic_unit_template.cpp:37]: Failed to read key reference starbase_arkship_upgrades from database  file: common/starbase_modules/00_arkship_weapon_modules.txt line: 377
[02:18:28][economic_unit_template.cpp:37]: Failed to read key reference starbase_arkship_upgrades from database  file: common/starbase_modules/00_arkship_weapon_modules.txt line: 426
[02:18:28][economic_unit_template.cpp:37]: Failed to read key reference starbase_arkship_upgrades from database  file: common/starbase_modules/00_arkship_weapon_modules.txt line: 475
[02:18:28][economic_unit_template.cpp:37]: Failed to read key reference starbase_arkship_upgrades from database  file: common/starbase_modules/00_arkship_weapon_modules.txt line: 524
[02:18:28][economic_unit_template.cpp:37]: Failed to read key reference starbase_arkship_upgrades from database  file: common/starbase_modules/00_arkship_weapon_modules.txt line: 573
[02:18:28][economic_unit_template.cpp:37]: Failed to read key reference starbase_arkship_upgrades from database  file: common/starbase_modules/00_arkship_weapon_modules.txt line: 622
[02:18:28][economic_unit_template.cpp:37]: Failed to read key reference starbase_arkship_upgrades from database  file: common/starbase_modules/00_arkship_weapon_modules.txt line: 671
[02:18:28][economic_unit_template.cpp:37]: Failed to read key reference starbase_arkship_upgrades from database  file: common/starbase_modules/00_arkship_weapon_modules.txt line: 724
[02:18:28][economic_unit_template.cpp:37]: Failed to read key reference starbase_arkship_upgrades from database  file: common/starbase_modules/00_arkship_weapon_modules.txt line: 775
[02:18:28][economic_unit_template.cpp:37]: Failed to read key reference starbase_arkship_upgrades from database  file: common/starbase_modules/00_arkship_weapon_modules.txt line: 824
[02:18:28][economic_unit_template.cpp:37]: Failed to read key reference starbase_arkship_upgrades from database  file: common/starbase_modules/00_arkship_weapon_modules.txt line: 873
[02:18:28][economic_unit_template.cpp:37]: Failed to read key reference starbase_arkship_upgrades from database  file: common/starbase_modules/00_arkship_weapon_modules.txt line: 926
[02:18:28][economic_unit_template.cpp:37]: Failed to read key reference starbase_arkship_upgrades from database  file: common/starbase_modules/00_arkship_weapon_modules.txt line: 975
[02:18:28][economic_unit_template.cpp:37]: Failed to read key reference starbase_arkship_upgrades from database  file: common/starbase_modules/00_arkship_weapon_modules.txt line: 1028
[02:18:28][economic_unit_template.cpp:37]: Failed to read key reference starbase_arkship_upgrades from database  file: common/starbase_modules/00_arkship_weapon_modules.txt line: 1077
[02:18:28][economic_unit_template.cpp:37]: Failed to read key reference starbase_arkship_upgrades from database  file: common/starbase_modules/00_arkship_weapon_modules.txt line: 1126
[02:18:28][economic_unit_template.cpp:37]: Failed to read key reference starbase_arkship_upgrades from database  file: common/starbase_modules/00_arkship_weapon_modules.txt line: 1164
[02:18:28][economic_unit_template.cpp:37]: Failed to read key reference starbase_arkship_upgrades from database  file: common/starbase_modules/00_arkship_weapon_modules.txt line: 1202
[02:18:28][economic_unit_template.cpp:37]: Failed to read key reference starbase_waystations_modules from database  file: common/starbase_modules/00_waystation_modules.txt line: 42
[02:18:28][economic_unit_template.cpp:37]: Failed to read key reference starbase_waystations_modules from database  file: common/starbase_modules/00_waystation_modules.txt line: 156
[02:18:28][economic_unit_template.cpp:37]: Failed to read key reference starbase_waystations_modules from database  file: common/starbase_modules/00_waystation_modules.txt line: 302
[02:18:28][economic_unit_template.cpp:37]: Failed to read key reference starbase_waystations_modules from database  file: common/starbase_modules/00_waystation_modules.txt line: 401
[02:18:28][economic_unit_template.cpp:37]: Failed to read key reference starbase_waystations_modules from database  file: common/starbase_modules/00_waystation_modules.txt line: 684
[02:18:28][economic_unit_template.cpp:37]: Failed to read key reference starbase_waystations_modules from database  file: common/starbase_modules/00_waystation_modules.txt line: 1292
[02:18:28][economic_unit_template.cpp:37]: Failed to read key reference starbase_waystations_modules from database  file: common/starbase_modules/00_waystation_modules.txt line: 1510
[02:18:28][economic_unit_template.cpp:37]: Failed to read key reference starbase_waystations_modules from database  file: common/starbase_modules/00_waystation_modules.txt line: 1643
[02:18:28][economic_unit_template.cpp:37]: Failed to read key reference starbase_waystations_modules from database  file: common/starbase_modules/00_waystation_modules.txt line: 1691
[02:18:28][economic_unit_template.cpp:37]: Failed to read key reference starbase_waystations_modules from database  file: common/starbase_modules/00_waystation_modules.txt line: 1737
[02:18:28][economic_unit_template.cpp:37]: Failed to read key reference starbase_waystations_modules from database  file: common/starbase_modules/00_waystation_modules.txt line: 1836
[02:18:28][economic_unit_template.cpp:37]: Failed to read key reference starbase_waystations_modules from database  file: common/starbase_modules/00_waystation_modules.txt line: 1931
[02:18:28][economic_unit_template.cpp:37]: Failed to read key reference starbase_waystations_modules from database  file: common/starbase_modules/00_waystation_modules.txt line: 2380
[02:18:28][economic_unit_template.cpp:37]: Failed to read key reference starbase_waystations_modules from database  file: common/starbase_modules/00_waystation_modules.txt line: 2468
[02:18:28][economic_unit_template.cpp:37]: Failed to read key reference starbase_waystations_modules from database  file: common/starbase_modules/00_waystation_modules.txt line: 2507
[02:18:28][economic_unit_template.cpp:37]: Failed to read key reference starbase_waystations_modules from database  file: common/starbase_modules/00_waystation_modules.txt line: 2606
[02:18:28][economic_unit_template.cpp:37]: Failed to read key reference starbase_waystations_modules from database  file: common/starbase_modules/00_waystation_modules.txt line: 2726
[02:18:28][economic_unit_template.cpp:37]: Failed to read key reference starbase_waystations_modules from database  file: common/starbase_modules/00_waystation_modules.txt line: 2859
[02:18:28][economic_unit_template.cpp:37]: Failed to read key reference starbase_waystations_modules from database  file: common/starbase_modules/00_waystation_modules.txt line: 3187
[02:18:28][economic_unit_template.cpp:37]: Failed to read key reference starbase_waystations_modules from database  file: common/starbase_modules/00_waystation_modules.txt line: 3286
[02:18:28][economic_unit_template.cpp:37]: Failed to read key reference starbase_waystations_modules from database  file: common/starbase_modules/00_waystation_modules.txt line: 3414
[02:18:28][economic_unit_template.cpp:37]: Failed to read key reference starbase_waystations_modules from database  file: common/starbase_modules/00_waystation_modules.txt line: 3461
[02:18:28][economic_unit_template.cpp:37]: Failed to read key reference starbase_waystations_modules from database  file: common/starbase_modules/00_waystation_modules.txt line: 3505
[02:18:28][economic_unit_template.cpp:37]: Failed to read key reference starbase_waystations_modules from database  file: common/starbase_modules/00_waystation_modules.txt line: 3554
[02:18:28][economic_unit_template.cpp:37]: Failed to read key reference starbase_waystations_modules from database  file: common/starbase_modules/00_waystation_modules.txt line: 3647
[02:18:28][economic_unit_template.cpp:37]: Failed to read key reference starbase_waystations_modules from database  file: common/starbase_modules/00_waystation_modules.txt line: 3691
[02:18:28][economic_unit_template.cpp:37]: Failed to read key reference starbase_waystations_modules from database  file: common/starbase_modules/00_waystation_modules.txt line: 3789
[02:18:28][economic_unit_template.cpp:37]: Failed to read key reference starbase_waystations_modules from database  file: common/starbase_modules/00_waystation_modules.txt line: 3832
[02:18:28][economic_unit_template.cpp:37]: Failed to read key reference starbase_waystations_modules from database  file: common/starbase_modules/00_waystation_modules.txt line: 3888
[02:18:28][economic_unit_template.cpp:37]: Failed to read key reference starbase_waystations_modules from database  file: common/starbase_modules/00_waystation_modules.txt line: 4091
[02:18:28][economic_unit_template.cpp:37]: Failed to read key reference starbase_waystations_modules from database  file: common/starbase_modules/00_waystation_modules.txt line: 4139
[02:18:28][economic_unit_template.cpp:37]: Failed to read key reference starbase_waystations_modules from database  file: common/starbase_modules/00_waystation_modules.txt line: 4206
[02:18:28][economic_unit_template.cpp:37]: Failed to read key reference starbase_waystations_modules from database  file: common/starbase_modules/00_waystation_modules.txt line: 4255
[02:18:28][economic_unit_template.cpp:37]: Failed to read key reference starbase_waystations_modules from database  file: common/starbase_modules/00_waystation_modules.txt:4281(inline_script) common/inline_scripts/grand_archive/waystation_voidlure.txt line: 96
[02:18:28][economic_unit_template.cpp:37]: Failed to read key reference starbase_waystations_modules from database  file: common/starbase_modules/00_waystation_modules.txt:4287(inline_script) common/inline_scripts/grand_archive/waystation_voidlure.txt line: 96
[02:18:28][economic_unit_template.cpp:37]: Failed to read key reference starbase_waystations_modules from database  file: common/starbase_modules/00_waystation_modules.txt:4293(inline_script) common/inline_scripts/grand_archive/waystation_voidlure.txt line: 96
[02:18:28][economic_unit_template.cpp:37]: Failed to read key reference starbase_waystations_modules from database  file: common/starbase_modules/00_waystation_modules.txt:4299(inline_script) common/inline_scripts/grand_archive/waystation_voidlure.txt line: 96
[02:18:28][economic_unit_template.cpp:37]: Failed to read key reference starbase_waystations_modules from database  file: common/starbase_modules/00_waystation_modules.txt:4305(inline_script) common/inline_scripts/grand_archive/waystation_voidlure.txt line: 96
[02:18:28][economic_unit_template.cpp:37]: Failed to read key reference starbase_arkship_upgrades from database  file: common/starbase_buildings/00_arkship_colony_buildings.txt line: 28
[02:18:28][economic_unit_template.cpp:37]: Failed to read key reference starbase_arkship_upgrades from database  file: common/starbase_buildings/00_arkship_colony_buildings.txt line: 72
[02:18:28][economic_unit_template.cpp:37]: Failed to read key reference starbase_arkship_upgrades from database  file: common/starbase_buildings/00_arkship_colony_buildings.txt line: 116
[02:18:28][economic_unit_template.cpp:37]: Failed to read key reference starbase_arkship_upgrades from database  file: common/starbase_buildings/00_arkship_colony_buildings.txt line: 166
[02:18:28][economic_unit_template.cpp:37]: Failed to read key reference starbase_arkship_upgrades from database  file: common/starbase_buildings/00_arkship_colony_buildings.txt line: 214
[02:18:28][economic_unit_template.cpp:37]: Failed to read key reference starbase_arkship_upgrades from database  file: common/starbase_buildings/00_arkship_colony_buildings.txt line: 260
[02:18:28][economic_unit_template.cpp:37]: Failed to read key reference starbase_arkship_upgrades from database  file: common/starbase_buildings/00_arkship_colony_buildings.txt line: 306
[02:18:28][economic_unit_template.cpp:37]: Failed to read key reference starbase_arkship_upgrades from database  file: common/starbase_buildings/00_arkship_colony_buildings.txt line: 362
[02:18:28][economic_unit_template.cpp:37]: Failed to read key reference starbase_arkship_upgrades from database  file: common/starbase_buildings/00_arkship_colony_buildings.txt line: 448
[02:18:28][economic_unit_template.cpp:37]: Failed to read key reference starbase_arkship_upgrades from database  file: common/starbase_buildings/00_arkship_colony_buildings.txt line: 529
[02:18:28][economic_unit_template.cpp:37]: Failed to read key reference starbase_arkship_upgrades from database  file: common/starbase_buildings/00_arkship_colony_buildings.txt line: 618
[02:18:28][economic_unit_template.cpp:37]: Failed to read key reference starbase_arkship_upgrades from database  file: common/starbase_buildings/00_arkship_colony_buildings.txt line: 701
[02:18:28][economic_unit_template.cpp:37]: Failed to read key reference starbase_arkship_upgrades from database  file: common/starbase_buildings/00_arkship_colony_buildings.txt line: 790
[02:18:28][economic_unit_template.cpp:37]: Failed to read key reference starbase_arkship_upgrades from database  file: common/starbase_buildings/00_arkship_colony_buildings.txt line: 899
[02:18:28][economic_unit_template.cpp:37]: Failed to read key reference starbase_arkship_upgrades from database  file: common/starbase_buildings/00_arkship_colony_buildings.txt line: 936
[02:18:28][economic_unit_template.cpp:37]: Failed to read key reference starbase_arkship_upgrades from database  file: common/starbase_buildings/00_arkship_colony_buildings.txt line: 991
[02:18:28][economic_unit_template.cpp:37]: Failed to read key reference starbase_arkship_upgrades from database  file: common/starbase_buildings/00_arkship_colony_buildings.txt line: 1067
[02:18:28][economic_unit_template.cpp:37]: Failed to read key reference starbase_arkship_upgrades from database  file: common/starbase_buildings/00_arkship_colony_buildings.txt line: 1117
[02:18:28][economic_unit_template.cpp:37]: Failed to read key reference starbase_arkship_upgrades from database  file: common/starbase_buildings/00_arkship_colony_buildings.txt line: 1163
[02:18:28][economic_unit_template.cpp:37]: Failed to read key reference starbase_arkship_upgrades from database  file: common/starbase_buildings/00_arkship_colony_buildings.txt line: 1240
[02:18:28][economic_unit_template.cpp:37]: Failed to read key reference starbase_arkship_upgrades from database  file: common/starbase_buildings/00_arkship_colony_buildings.txt line: 1297
[02:18:28][economic_unit_template.cpp:37]: Failed to read key reference starbase_arkship_upgrades from database  file: common/starbase_buildings/00_arkship_colony_buildings.txt line: 1359
[02:18:28][economic_unit_template.cpp:37]: Failed to read key reference starbase_arkship_upgrades from database  file: common/starbase_buildings/00_arkship_colony_buildings.txt line: 1411
[02:18:28][economic_unit_template.cpp:37]: Failed to read key reference starbase_arkship_upgrades from database  file: common/starbase_buildings/00_arkship_colony_buildings.txt line: 1455
[02:18:28][economic_unit_template.cpp:37]: Failed to read key reference starbase_arkship_upgrades from database  file: common/starbase_buildings/00_arkship_colony_buildings.txt line: 1500
[02:18:28][economic_unit_template.cpp:37]: Failed to read key reference starbase_arkship_upgrades from database  file: common/starbase_buildings/00_arkship_colony_buildings.txt line: 1558
[02:18:28][economic_unit_template.cpp:37]: Failed to read key reference starbase_arkship_upgrades from database  file: common/starbase_buildings/00_arkship_component_buildings.txt line: 28
[02:18:28][economic_unit_template.cpp:37]: Failed to read key reference starbase_arkship_upgrades from database  file: common/starbase_buildings/00_arkship_component_buildings.txt line: 77
[02:18:28][economic_unit_template.cpp:37]: Failed to read key reference starbase_arkship_upgrades from database  file: common/starbase_buildings/00_arkship_component_buildings.txt line: 122
[02:18:28][economic_unit_template.cpp:37]: Failed to read key reference starbase_arkship_upgrades from database  file: common/starbase_buildings/00_arkship_component_buildings.txt line: 172
[02:18:28][economic_unit_template.cpp:37]: Failed to read key reference starbase_arkship_upgrades from database  file: common/starbase_buildings/00_arkship_component_buildings.txt line: 218
[02:18:28][economic_unit_template.cpp:37]: Failed to read key reference starbase_arkship_upgrades from database  file: common/starbase_buildings/00_arkship_component_buildings.txt line: 264
[02:18:28][economic_unit_template.cpp:37]: Failed to read key reference starbase_arkship_upgrades from database  file: common/starbase_buildings/00_arkship_component_buildings.txt line: 314
[02:18:28][economic_unit_template.cpp:37]: Failed to read key reference starbase_arkship_upgrades from database  file: common/starbase_buildings/00_arkship_component_buildings.txt line: 359
[02:18:28][economic_unit_template.cpp:37]: Failed to read key reference starbase_arkship_upgrades from database  file: common/starbase_buildings/00_arkship_component_buildings.txt line: 400
[02:18:28][economic_unit_template.cpp:37]: Failed to read key reference starbase_arkship_upgrades from database  file: common/starbase_buildings/00_arkship_component_buildings.txt line: 445
[02:18:28][economic_unit_template.cpp:37]: Failed to read key reference starbase_arkship_upgrades from database  file: common/starbase_buildings/00_arkship_component_buildings.txt line: 491
[02:18:28][economic_unit_template.cpp:37]: Failed to read key reference starbase_arkship_upgrades from database  file: common/starbase_buildings/00_arkship_component_buildings.txt line: 530
[02:18:28][economic_unit_template.cpp:37]: Failed to read key reference starbase_arkship_upgrades from database  file: common/starbase_buildings/00_arkship_component_buildings.txt line: 568
[02:18:28][economic_unit_template.cpp:37]: Failed to read key reference starbase_arkship_upgrades from database  file: common/starbase_buildings/00_arkship_component_buildings.txt line: 606
[02:18:28][economic_unit_template.cpp:37]: Failed to read key reference starbase_arkship_upgrades from database  file: common/starbase_buildings/00_arkship_component_buildings.txt line: 644
[02:18:28][economic_unit_template.cpp:37]: Failed to read key reference starbase_arkship_upgrades from database  file: common/starbase_buildings/00_arkship_component_buildings.txt line: 682
[02:18:28][economic_unit_template.cpp:37]: Failed to read key reference starbase_arkship_upgrades from database  file: common/starbase_buildings/00_arkship_component_buildings.txt line: 720
[02:18:28][economic_unit_template.cpp:37]: Failed to read key reference starbase_arkship_upgrades from database  file: common/starbase_buildings/00_arkship_component_buildings.txt line: 758
[02:18:28][economic_unit_template.cpp:37]: Failed to read key reference starbase_arkship_upgrades from database  file: common/starbase_buildings/00_arkship_component_buildings.txt line: 796
[02:18:28][economic_unit_template.cpp:37]: Failed to read key reference starbase_arkship_upgrades from database  file: common/starbase_buildings/00_arkship_component_buildings.txt line: 835
[02:18:28][parser_deferred_database_objects.cpp:84]: Failed to deferred read key reference cruise_passenger_unemployment from database  file: common/buildings/24_nomads_buildings.txt line: 89
[02:18:28][parser_deferred_database_objects.cpp:84]: Failed to deferred read key reference cruise_passenger_unemployment from database  file: common/buildings/24_nomads_buildings.txt line: 107
[02:18:28][parser_deferred_database_objects.cpp:84]: Failed to deferred read key reference cruise_passenger_unemployment from database  file: common/buildings/24_nomads_buildings.txt line: 125
[02:18:28][parser_deferred_database_objects.cpp:84]: Failed to deferred read key reference cruise_passenger_unemployment from database  file: common/buildings/24_nomads_buildings.txt line: 220
[02:18:28][parser_deferred_database_objects.cpp:84]: Failed to deferred read key reference cruise_passenger_unemployment from database  file: common/buildings/24_nomads_buildings.txt line: 238
[02:18:28][parser_deferred_database_objects.cpp:84]: Failed to deferred read key reference cruise_passenger_unemployment from database  file: common/buildings/24_nomads_buildings.txt line: 256
[02:18:28][parser_deferred_database_objects.cpp:84]: Failed to deferred read key reference titan_yards from database  file: common/ship_sizes/00_ship_sizes.txt line: 610
[02:18:28][parser_deferred_database_objects.cpp:84]: Failed to deferred read key reference colossus_yards from database  file: common/ship_sizes/01_colossi.txt line: 75
[02:18:28][parser_deferred_database_objects.cpp:84]: Failed to deferred read key reference colossus_yards from database  file: common/ship_sizes/18_juggernauts.txt line: 79
[02:18:28][technology_level.cpp:41]: Invalid technology being referenced: "tech_btr_uranium_warheads"
[02:18:28][parser_deferred_database_objects.cpp:84]: Failed to deferred read key reference tech_btr_uranium_warheads from database  file: common/edicts/btr_resource_edicts.txt line: 29
[02:18:28][parser_deferred_database_objects.cpp:84]: Failed to deferred read key reference ap_defender_of_the_galaxy_nomads from database  file: common/resolutions/00_resolutions.txt line: 7763
[02:18:28][parser_deferred_database_objects.cpp:84]: Failed to deferred read key reference ap_defender_of_the_galaxy_nomads from database  file: common/resolutions/01_resolutions_nemesis.txt line: 729
[02:18:28][parser_deferred_database_objects.cpp:84]: Failed to deferred read key reference ap_defender_of_the_galaxy_nomads from database  file: common/resolutions/01_resolutions_nemesis.txt line: 1377
[02:18:28][parser_deferred_database_objects.cpp:84]: Failed to deferred read key reference ap_defender_of_the_galaxy_nomads from database  file: common/resolutions/01_resolutions_nemesis.txt line: 1552
[02:18:28][parser_deferred_database_objects.cpp:84]: Failed to deferred read key reference ap_defender_of_the_galaxy_nomads from database  file: common/resolutions/01_resolutions_nemesis.txt line: 1709
[02:18:28][parser_deferred_database_objects.cpp:84]: Failed to deferred read key reference ap_defender_of_the_galaxy_nomads from database  file: common/resolutions/01_resolutions_nemesis.txt line: 1794
[02:18:28][parser_deferred_database_objects.cpp:84]: Failed to deferred read key reference ap_defender_of_the_galaxy_nomads from database  file: common/resolutions/01_resolutions_nemesis.txt line: 1860
[02:18:28][parser_deferred_database_objects.cpp:84]: Failed to deferred read key reference ap_defender_of_the_galaxy_nomads from database  file: common/resolutions/01_resolutions_nemesis.txt line: 2019
[02:18:28][parser_deferred_database_objects.cpp:84]: Failed to deferred read key reference ap_defender_of_the_galaxy_nomads from database  file: common/resolutions/01_resolutions_nemesis.txt line: 2178
[02:18:28][parser_deferred_database_objects.cpp:84]: Failed to deferred read key reference ap_defender_of_the_galaxy_nomads from database  file: common/resolutions/01_resolutions_nemesis.txt line: 2245
[02:18:28][parser_deferred_database_objects.cpp:84]: Failed to deferred read key reference ap_defender_of_the_galaxy_nomads from database  file: common/resolutions/01_resolutions_nemesis.txt line: 2430
[02:18:28][parser_deferred_database_objects.cpp:84]: Failed to deferred read key reference ap_defender_of_the_galaxy_nomads from database  file: common/resolutions/01_resolutions_nemesis.txt line: 2623
[02:18:28][parser_deferred_database_objects.cpp:84]: Failed to deferred read key reference ap_defender_of_the_galaxy_nomads from database  file: common/resolutions/01_resolutions_nemesis.txt line: 2783
[02:18:28][parser_deferred_database_objects.cpp:84]: Failed to deferred read key reference ap_defender_of_the_galaxy_nomads from database  file: common/resolutions/01_resolutions_nemesis.txt line: 2857
[02:18:28][parser_deferred_database_objects.cpp:84]: Failed to deferred read key reference ap_defender_of_the_galaxy_nomads from database  file: common/resolutions/01_resolutions_nemesis.txt line: 2929
[02:18:28][parser_deferred_database_objects.cpp:84]: Failed to deferred read key reference ap_defender_of_the_galaxy_nomads from database  file: common/resolutions/01_resolutions_nemesis.txt line: 3014
[02:18:28][parser_deferred_database_objects.cpp:84]: Failed to deferred read key reference ap_defender_of_the_galaxy_nomads from database  file: common/resolutions/01_resolutions_nemesis.txt line: 3092
[02:18:28][parser_deferred_database_objects.cpp:84]: Failed to deferred read key reference cruise_passenger from database  file: common/species_rights/living_standards/00_living_standards.txt line: 14
[02:18:28][parser_deferred_database_objects.cpp:84]: Failed to deferred read key reference cruise_passenger from database  file: common/species_rights/living_standards/00_living_standards.txt line: 26
[02:18:29][parser_deferred_database_objects.cpp:84]: Failed to deferred read key reference tiny from database  file: common/solar_system_initializers/overlord_initializers.txt line: 1717
[02:18:29][parser_deferred_database_objects.cpp:84]: Failed to deferred read key reference tiny from database  file: common/solar_system_initializers/overlord_initializers.txt line: 1729
[02:18:29][parser_deferred_database_objects.cpp:84]: Failed to deferred read key reference small from database  file: common/solar_system_initializers/overlord_initializers.txt line: 1730
[02:18:29][parser_deferred_database_objects.cpp:84]: Failed to deferred read key reference tiny from database  file: common/solar_system_initializers/overlord_initializers.txt line: 1742
[02:18:29][parser_deferred_database_objects.cpp:84]: Failed to deferred read key reference small from database  file: common/solar_system_initializers/overlord_initializers.txt line: 1743
[02:18:29][parser_deferred_database_objects.cpp:84]: Failed to deferred read key reference medium from database  file: common/solar_system_initializers/overlord_initializers.txt line: 1744
[02:18:29][parser_deferred_database_objects.cpp:84]: Failed to deferred read key reference r_ancient_generator from database  file: common/relics/btr_precursor_relics.txt:46(inline_script) common/inline_scripts/relics/activation_checks.txt line: 9
[02:18:29][parser_deferred_database_objects.cpp:84]: Failed to deferred read key reference r_prothean_beacon_asari from database  file: common/relics/btr_precursor_relics.txt:193(inline_script) common/inline_scripts/relics/activation_checks.txt line: 9
[02:18:29][parser_deferred_database_objects.cpp:84]: Failed to deferred read key reference prothean_beacon_volus from database  file: common/relics/btr_precursor_relics.txt line: 519
[02:18:29][parser_deferred_database_objects.cpp:84]: Failed to deferred read key reference d_food_7 from database  file: common/missions/missions/02_contracts.txt:2871(inline_script) common/inline_scripts/contracts/OnboardResourceContract.txt line: 58
[02:18:29][parser_deferred_database_objects.cpp:84]: Failed to deferred read key reference d_food_7 from database  file: common/missions/missions/02_contracts.txt:2871(inline_script) common/inline_scripts/contracts/OnboardResourceContract.txt line: 134
[02:18:29][parser_deferred_database_objects.cpp:84]: Failed to deferred read key reference d_food_7 from database  file: common/missions/missions/02_contracts.txt:2871(inline_script) common/inline_scripts/contracts/OnboardResourceContract.txt line: 161
[02:18:29][parser_deferred_database_objects.cpp:84]: Failed to deferred read key reference ap_defender_of_the_galaxy_nomads from database  file: events/ambition_events.txt line: 257
[02:18:29][parser_deferred_database_objects.cpp:84]: Failed to deferred read key reference ap_defender_of_the_galaxy_nomads from database  file: events/ambition_events.txt line: 299
[02:18:29][parser_deferred_database_objects.cpp:84]: Failed to deferred read key reference ap_defender_of_the_galaxy_nomads from database  file: events/ambition_events.txt line: 323
[02:18:29][parser_deferred_database_objects.cpp:84]: Failed to deferred read key reference ap_defender_of_the_galaxy_nomads from database  file: events/ambition_events.txt line: 331
[02:18:29][parser_deferred_database_objects.cpp:84]: Failed to deferred read key reference ap_defender_of_the_galaxy_nomads from database  file: events/ambition_events.txt line: 350
[02:18:29][parser_deferred_database_objects.cpp:84]: Failed to deferred read key reference ap_defender_of_the_galaxy_nomads from database  file: events/ambition_events.txt line: 387
[02:18:29][parser_deferred_database_objects.cpp:84]: Failed to deferred read key reference ap_defender_of_the_galaxy_nomads from database  file: events/ambition_events.txt line: 394
[02:18:29][parser_deferred_database_objects.cpp:84]: Failed to deferred read key reference tiny from database  file: events/galactic_features_events.txt line: 2817
[02:18:29][parser_deferred_database_objects.cpp:84]: Failed to deferred read key reference small from database  file: events/galactic_features_events.txt line: 2821
[02:18:29][parser_deferred_database_objects.cpp:84]: Failed to deferred read key reference medium from database  file: events/galactic_features_events.txt line: 2825
[02:18:29][parser_deferred_database_objects.cpp:84]: Failed to deferred read key reference large from database  file: events/galactic_features_events.txt line: 2829
[02:18:29][parser_deferred_database_objects.cpp:84]: Failed to deferred read key reference huge from database  file: events/galactic_features_events.txt line: 2833
[02:18:29][parser_deferred_database_objects.cpp:84]: Failed to deferred read key reference tiny from database  file: events/grand_archive_events.txt line: 797
[02:18:29][parser_deferred_database_objects.cpp:84]: Failed to deferred read key reference small from database  file: events/grand_archive_events.txt line: 801
[02:18:29][parser_deferred_database_objects.cpp:84]: Failed to deferred read key reference medium from database  file: events/grand_archive_events.txt line: 805
[02:18:29][parser_deferred_database_objects.cpp:84]: Failed to deferred read key reference large from database  file: events/grand_archive_events.txt line: 809
[02:18:29][parser_deferred_database_objects.cpp:84]: Failed to deferred read key reference huge from database  file: events/grand_archive_events.txt line: 813
[02:18:29][parser_deferred_database_objects.cpp:84]: Failed to deferred read key reference tiny from database  file: events/grand_archive_events.txt line: 3024
[02:18:29][parser_deferred_database_objects.cpp:84]: Failed to deferred read key reference small from database  file: events/grand_archive_events.txt line: 3033
[02:18:29][parser_deferred_database_objects.cpp:84]: Failed to deferred read key reference medium from database  file: events/grand_archive_events.txt line: 3042
[02:18:29][parser_deferred_database_objects.cpp:84]: Failed to deferred read key reference large from database  file: events/grand_archive_events.txt line: 3051
[02:18:29][parser_deferred_database_objects.cpp:84]: Failed to deferred read key reference huge from database  file: events/grand_archive_events.txt line: 3060
[02:18:29][parser_deferred_database_objects.cpp:84]: Failed to deferred read key reference ap_wanderlust from database  file: events/leviathans_events_1.txt line: 5194
[02:18:29][parser_deferred_database_objects.cpp:84]: Failed to deferred read key reference tiny from database  file: events/machine_age_crisis_events.txt line: 3329
[02:18:29][parser_deferred_database_objects.cpp:84]: Failed to deferred read key reference small from database  file: events/machine_age_crisis_events.txt line: 3348
[02:18:29][parser_deferred_database_objects.cpp:84]: Failed to deferred read key reference medium from database  file: events/machine_age_crisis_events.txt line: 3367
[02:18:29][parser_deferred_database_objects.cpp:84]: Failed to deferred read key reference large from database  file: events/machine_age_crisis_events.txt line: 3386
[02:18:29][parser_deferred_database_objects.cpp:84]: Failed to deferred read key reference huge from database  file: events/machine_age_crisis_events.txt line: 3405
[02:18:29][parser_deferred_database_objects.cpp:84]: Failed to deferred read key reference tiny from database  file: events/machine_age_crisis_events.txt line: 5653
[02:18:29][parser_deferred_database_objects.cpp:84]: Failed to deferred read key reference small from database  file: events/machine_age_crisis_events.txt line: 5653
[02:18:29][parser_deferred_database_objects.cpp:84]: Failed to deferred read key reference medium from database  file: events/machine_age_crisis_events.txt line: 5653
[02:18:29][parser_deferred_database_objects.cpp:84]: Failed to deferred read key reference large from database  file: events/machine_age_crisis_events.txt line: 5653
[02:18:29][parser_deferred_database_objects.cpp:84]: Failed to deferred read key reference huge from database  file: events/machine_age_crisis_events.txt line: 5653
[02:18:29][parser_deferred_database_objects.cpp:84]: Failed to deferred read key reference tiny from database  file: events/machine_age_crisis_events.txt line: 8083
[02:18:29][parser_deferred_database_objects.cpp:84]: Failed to deferred read key reference small from database  file: events/machine_age_crisis_events.txt line: 8087
[02:18:29][parser_deferred_database_objects.cpp:84]: Failed to deferred read key reference large from database  file: events/machine_age_crisis_events.txt line: 8091
[02:18:29][parser_deferred_database_objects.cpp:84]: Failed to deferred read key reference huge from database  file: events/machine_age_crisis_events.txt line: 8095
[02:18:29][parser_deferred_database_objects.cpp:84]: Failed to deferred read key reference tiny from database  file: events/machine_age_crisis_events.txt line: 8107
[02:18:29][parser_deferred_database_objects.cpp:84]: Failed to deferred read key reference small from database  file: events/machine_age_crisis_events.txt line: 8116
[02:18:29][parser_deferred_database_objects.cpp:84]: Failed to deferred read key reference medium from database  file: events/machine_age_crisis_events.txt line: 8125
[02:18:29][parser_deferred_database_objects.cpp:84]: Failed to deferred read key reference large from database  file: events/machine_age_crisis_events.txt line: 8134
[02:18:29][parser_deferred_database_objects.cpp:84]: Failed to deferred read key reference huge from database  file: events/machine_age_crisis_events.txt line: 8143
[02:18:29][parser_deferred_database_objects.cpp:84]: Failed to deferred read key reference huge from database  file: events/nemesis_crisis_events.txt line: 487
[02:18:29][parser_deferred_database_objects.cpp:84]: Failed to deferred read key reference large from database  file: events/nemesis_crisis_events.txt line: 487
[02:18:29][parser_deferred_database_objects.cpp:84]: Failed to deferred read key reference medium from database  file: events/nemesis_crisis_events.txt line: 487
[02:18:29][parser_deferred_database_objects.cpp:84]: Failed to deferred read key reference small from database  file: events/nemesis_crisis_events.txt line: 487
[02:18:29][parser_deferred_database_objects.cpp:84]: Failed to deferred read key reference tiny from database  file: events/nemesis_crisis_events.txt line: 487
[02:18:29][parser_deferred_database_objects.cpp:84]: Failed to deferred read key reference d_food_7 from database  file: events/nomads_events_1.txt line: 11242
[02:18:29][parser_deferred_database_objects.cpp:84]: Failed to deferred read key reference d_food_7 from database  file: events/nomads_events_1.txt line: 11269
[02:18:29][parser_deferred_database_objects.cpp:84]: Failed to deferred read key reference ap_wanderlust from database  file: events/nomads_events_1.txt line: 14210
[02:18:29][parser_deferred_database_objects.cpp:84]: Failed to deferred read key reference sc_crisis_binary_1 from database  file: common/decisions/15_nomads_dlc_decisions.txt line: 24
[02:18:29][parser_deferred_database_objects.cpp:84]: Failed to deferred read key reference sc_crisis_binary_1 from database  file: common/decisions/15_nomads_dlc_decisions.txt line: 41
[02:18:29][parser_deferred_database_objects.cpp:84]: Failed to deferred read key reference ap_eternal_vigilance_nomads from database  file: common/decisions/15_nomads_dlc_decisions.txt line: 261
[02:18:29][parser_deferred_database_objects.cpp:84]: Failed to deferred read key reference sc_crisis_binary_1 from database  file: common/starbase_modules/00_waystation_modules.txt line: 2011
[02:18:29][parser_deferred_database_objects.cpp:84]: Failed to deferred read key reference sc_crisis_binary_2 from database  file: common/starbase_modules/00_waystation_modules.txt line: 2014
[02:18:29][parser_deferred_database_objects.cpp:84]: Failed to deferred read key reference sc_crisis_binary_1 from database  file: common/starbase_modules/00_waystation_modules.txt line: 2116
[02:18:29][parser_deferred_database_objects.cpp:84]: Failed to deferred read key reference sc_crisis_binary_2 from database  file: common/starbase_modules/00_waystation_modules.txt line: 2119
[02:18:29][parser_deferred_database_objects.cpp:84]: Failed to deferred read key reference sc_crisis_binary_1 from database  file: common/starbase_modules/00_waystation_modules.txt line: 2221
[02:18:29][parser_deferred_database_objects.cpp:84]: Failed to deferred read key reference sc_crisis_binary_2 from database  file: common/starbase_modules/00_waystation_modules.txt line: 2224
[02:18:29][parser_deferred_database_objects.cpp:84]: Failed to deferred read key reference sc_crisis_binary_1 from database  file: common/starbase_modules/00_waystation_modules.txt line: 2315
[02:18:29][parser_deferred_database_objects.cpp:84]: Failed to deferred read key reference sc_crisis_binary_2 from database  file: common/starbase_modules/00_waystation_modules.txt line: 2318
